2022-07-15,02:11:55,25SQCMICSBBB6620096E4,Departing
2022-07-15,02:12:15,25SQCMICSBBB6620096E4,Unknown
2022-07-15,02:12:25,25SQCMICSBBB6620096E4,Departing
2022-07-15,02:12:35,25SQCMICSBBB6620096E4,Arriving
2022-07-15,02:12:45,25SQCMICSBBB6620096E4,Unknown
2022-07-15,02:12:55,25SQCMICSBBB6620096E4,Unknown
2022-07-15,02:13:05,25SQCMICSBBB6620096E4,Unknown
2022-07-15,02:13:15,25SQCMICSBBB6620096E4,Unknown
2022-07-15,02:13:25,25SQCMICSBBB6620096E4,Unknown
2022-07-15,02:13:35,25SQCMICSBBB6620096E4,Unknown
2022-07-15,02:13:45,25SQCMICSBBB6620096E4,Unknown
2022-07-15,02:13:55,25SQCMICSBBB6620096E4,Unknown
2022-07-15,02:14:05,25SQCMICSBBB6620096E4,Unknown
2022-07-15,02:14:15,25SQCMICSBBB6620096E4,Unknown
2022-07-15,02:14:26,25SQCMICSBBB6620096E4,Unknown
2022-07-15,02:14:36,25SQCMICSBBB6620096E4,Arriving
2022-07-15,02:14:46,25SQCMICSBBB6620096E4,Departing
2022-07-15,02:14:56,25SQCMICSBBB6620096E4,Arriving
2022-07-15,02:15:06,25SQCMICSBBB6620096E4,Unknown
2022-07-15,02:15:16,25SQCMICSBBB6620096E4,Unknown
2022-07-15,02:15:26,25SQCMICSBBB6620096E4,Unknown
2022-07-15,02:15:36,25SQCMICSBBB6620096E4,Unknown
2022-07-15,02:15:46,25SQCMICSBBB6620096E4,Unknown
2022-07-15,02:15:56,25SQCMICSBBB6620096E4,Unknown
2022-07-15,02:16:06,25SQCMICSBBB6620096E4,Unknown
2022-07-15,02:16:26,25SQCMICSBBB6620096E4,Unknown
2022-07-15,02:16:36,25SQCMICSBBB6620096E4,Unknown
2022-07-15,02:16:46,25SQCMICSBBB6620096E4,Unknown
2022-07-15,02:16:57,25SQCMICSBBB6620096E4,Unknown
2022-07-15,02:17:07,25SQCMICSBBB6620096E4,Unknown
2022-07-15,02:17:17,25SQCMICSBBB6620096E4,Unknown
2022-07-15,02:17:27,25SQCMICSBBB6620096E4,Unknown
2022-07-15,02:17:37,25SQCMICSBBB6620096E4,Unknown
2022-07-15,02:17:47,25SQCMICSBBB6620096E4,Arriving
2022-07-15,02:17:57,25SQCMICSBBB6620096E4,Unknown
2022-07-15,02:18:07,25SQCMICSBBB6620096E4,Unknown
2022-07-15,02:18:17,25SQCMICSBBB6620096E4,Unknown
2022-07-15,02:18:27,25SQCMICSBBB6620096E4,Unknown
2022-07-15,02:18:37,25SQCMICSBBB6620096E4,Arriving
2022-07-15,02:18:47,25SQCMICSBBB6620096E4,Arriving
2022-07-15,02:18:57,25SQCMICSBBB6620096E4,Unknown
2022-07-15,02:19:08,25SQCMICSBBB6620096E4,Unknown
2022-07-15,02:19:18,25SQCMICSBBB6620096E4,Unknown
2022-07-15,02:19:28,25SQCMICSBBB6620096E4,Unknown
2022-07-15,02:19:38,25SQCMICSBBB6620096E4,Unknown
2022-07-15,02:19:48,25SQCMICSBBB6620096E4,Unknown
2022-07-15,02:19:58,25SQCMICSBBB6620096E4,Unknown
2022-07-15,02:20:08,25SQCMICSBBB6620096E4,Unknown
2022-07-15,02:20:18,25SQCMICSBBB6620096E4,Unknown
2022-07-15,02:20:28,25SQCMICSBBB6620096E4,Unknown
2022-07-15,02:20:38,25SQCMICSBBB6620096E4,Unknown
2022-07-15,02:20:48,25SQCMICSBBB6620096E4,Unknown
2022-07-15,02:20:58,25SQCMICSBBB6620096E4,Unknown
2022-07-15,02:21:08,25SQCMICSBBB6620096E4,Unknown
2022-07-15,02:21:18,25SQCMICSBBB6620096E4,Unknown
2022-07-15,02:21:29,25SQCMICSBBB6620096E4,Arriving
2022-07-15,02:21:39,25SQCMICSBBB6620096E4,Unknown
2022-07-15,02:21:49,25SQCMICSBBB6620096E4,Unknown
2022-07-15,02:21:59,25SQCMICSBBB6620096E4,Unknown
2022-07-15,02:22:09,25SQCMICSBBB6620096E4,Unknown
2022-07-15,02:22:19,25SQCMICSBBB6620096E4,Unknown
2022-07-15,02:22:29,25SQCMICSBBB6620096E4,Unknown
2022-07-15,02:22:39,25SQCMICSBBB6620096E4,Unknown
2022-07-15,02:22:49,25SQCMICSBBB6620096E4,Unknown
2022-07-15,02:22:59,25SQCMICSBBB6620096E4,Unknown
2022-07-15,02:23:09,25SQCMICSBBB6620096E4,Unknown
2022-07-15,02:23:19,25SQCMICSBBB6620096E4,Unknown
2022-07-15,02:23:29,25SQCMICSBBB6620096E4,Unknown
2022-07-15,02:24:00,25SQCMICSBBB6620096E4,Unknown
2022-07-15,02:24:10,25SQCMICSBBB6620096E4,Unknown
2022-07-15,02:24:20,25SQCMICSBBB6620096E4,Arriving
2022-07-15,02:24:30,25SQCMICSBBB6620096E4,Arriving
2022-07-15,02:24:40,25SQCMICSBBB6620096E4,Arriving
2022-07-15,02:24:50,25SQCMICSBBB6620096E4,Unknown
2022-07-15,02:25:00,25SQCMICSBBB6620096E4,Arriving
2022-07-15,02:25:10,25SQCMICSBBB6620096E4,Arriving
2022-07-15,02:25:20,25SQCMICSBBB6620096E4,Unknown
2022-07-15,02:25:30,25SQCMICSBBB6620096E4,Unknown
2022-07-15,02:25:40,25SQCMICSBBB6620096E4,Unknown
2022-07-15,02:25:50,25SQCMICSBBB6620096E4,Unknown
2022-07-15,02:26:00,25SQCMICSBBB6620096E4,Unknown
2022-07-15,02:26:10,25SQCMICSBBB6620096E4,Unknown
2022-07-15,02:26:21,25SQCMICSBBB6620096E4,Unknown
2022-07-15,02:26:31,25SQCMICSBBB6620096E4,Unknown
2022-07-15,02:26:41,25SQCMICSBBB6620096E4,Unknown
2022-07-15,02:26:51,25SQCMICSBBB6620096E4,Unknown
2022-07-15,02:27:01,25SQCMICSBBB6620096E4,Unknown
2022-07-15,02:27:11,25SQCMICSBBB6620096E4,Unknown
2022-07-15,02:27:21,25SQCMICSBBB6620096E4,Unknown
2022-07-15,02:27:31,25SQCMICSBBB6620096E4,Unknown
2022-07-15,02:27:41,25SQCMICSBBB6620096E4,Unknown
2022-07-15,02:27:51,25SQCMICSBBB6620096E4,Unknown
2022-07-15,02:28:01,25SQCMICSBBB6620096E4,Unknown
2022-07-15,02:28:11,25SQCMICSBBB6620096E4,Unknown
2022-07-15,02:28:21,25SQCMICSBBB6620096E4,Unknown
2022-07-15,02:28:52,25SQCMICSBBB6620096E4,Unknown
2022-07-15,02:29:02,25SQCMICSBBB6620096E4,Unknown
2022-07-15,02:29:32,25SQCMICSBBB6620096E4,Unknown
2022-07-15,02:29:42,25SQCMICSBBB6620096E4,Unknown
2022-07-15,02:29:52,25SQCMICSBBB6620096E4,Unknown
2022-07-15,03:00:35,25SQCMICSBBF0D5009C6F,Unknown
2022-07-15,03:00:45,25SQCMICSBBF0D5009C6F,Unknown
2022-07-15,03:02:06,25SQCMICSBBF0D5009C6F,Unknown
2022-07-15,03:02:46,25SQCMICSBBF0D5009C6F,Unknown
2022-07-15,03:03:06,25SQCMICSBBF0D5009C6F,Unknown
2022-07-15,03:03:16,25SQCMICSBBF0D5009C6F,Unknown
2022-07-15,03:03:26,25SQCMICSBBF0D5009C6F,Unknown
2022-07-15,03:03:36,25SQCMICSBBF0D5009C6F,Unknown
2022-07-15,03:03:46,25SQCMICSBBF0D5009C6F,Unknown
2022-07-15,03:03:56,25SQCMICSBBF0D5009C6F,Unknown
2022-07-15,03:04:07,25SQCMICSBBF0D5009C6F,Unknown
2022-07-15,03:04:17,25SQCMICSBBF0D5009C6F,Unknown
2022-07-15,03:04:27,25SQCMICSBBF0D5009C6F,Unknown
2022-07-15,03:04:37,25SQCMICSBBF0D5009C6F,Unknown
2022-07-15,03:04:47,25SQCMICSBBF0D5009C6F,Unknown
2022-07-15,03:04:57,25SQCMICSBBF0D5009C6F,Unknown
2022-07-15,03:05:07,25SQCMICSBBF0D5009C6F,Unknown
2022-07-15,03:05:17,25SQCMICSBBF0D5009C6F,Unknown
2022-07-15,03:05:27,25SQCMICSBBF0D5009C6F,Unknown
2022-07-15,03:05:37,25SQCMICSBBF0D5009C6F,Unknown
2022-07-15,03:05:47,25SQCMICSBBF0D5009C6F,Unknown
2022-07-15,03:05:57,25SQCMICSBBF0D5009C6F,Unknown
2022-07-15,03:06:07,25SQCMICSBBF0D5009C6F,Unknown
2022-07-15,03:06:17,25SQCMICSBBF0D5009C6F,Unknown
2022-07-15,03:06:28,25SQCMICSBBF0D5009C6F,Unknown
2022-07-15,03:06:38,25SQCMICSBBF0D5009C6F,Unknown
2022-07-15,03:19:43,25SQCMICSBBB5BE0096E0,Unknown
2022-07-15,03:19:53,25SQCMICSBBB5BE0096E0,Departing
2022-07-15,03:20:14,25SQCMICSBBB5BE0096E0,Arriving
2022-07-15,03:20:24,25SQCMICSBBB5BE0096E0,Unknown
2022-07-15,03:20:44,25SQCMICSBBB5BE0096E0,Unknown
2022-07-15,03:20:54,25SQCMICSBBB5BE0096E0,Arriving
2022-07-15,03:21:04,25SQCMICSBBB5BE0096E0,Unknown
2022-07-15,03:21:14,25SQCMICSBBB5BE0096E0,Unknown
2022-07-15,03:21:44,25SQCMICSBBF0D5009C6F,Unknown
2022-07-15,03:21:54,25SQCMICSBBF0D5009C6F,Unknown
2022-07-15,03:59:20,25SQCMICSBBF0D5009C6F,Unknown
2022-07-15,04:05:53,25SQCMICSBBF0D5009C6F,Unknown
2022-07-15,04:06:03,25SQCMICSBBF0D5009C6F,Unknown
2022-07-15,04:06:23,25SQCMICSBBF0D5009C6F,Unknown
2022-07-15,04:06:33,25SQCMICSBBF0D5009C6F,Unknown
2022-07-15,04:06:43,25SQCMICSBBF0D5009C6F,Unknown
2022-07-15,04:06:53,25SQCMICSBBF0D5009C6F,Unknown
2022-07-15,04:07:03,25SQCMICSBBF0D5009C6F,Unknown
2022-07-15,04:07:13,25SQCMICSBBF0D5009C6F,Unknown
2022-07-15,04:07:23,25SQCMICSBBF0D5009C6F,Unknown
2022-07-15,04:07:33,25SQCMICSBBF0D5009C6F,Unknown
2022-07-15,04:07:44,25SQCMICSBBF0D5009C6F,Unknown
2022-07-15,04:08:03,25SQCMICSBB934F0095E6,Unknown
2022-07-15,04:08:04,25SQCMICSBBF0D5009C6F,Unknown
2022-07-15,04:08:13,25SQCMICSBB934F0095E6,Unknown
2022-07-15,04:08:14,25SQCMICSBBF0D5009C6F,Unknown
2022-07-15,04:10:15,25SQCMICSBBF0D5009C6F,Unknown
2022-07-15,04:10:35,25SQCMICSBBF0D5009C6F,Unknown
2022-07-15,04:10:45,25SQCMICSBBF0D5009C6F,Unknown
2022-07-15,04:10:55,25SQCMICSBBF0D5009C6F,Unknown
2022-07-15,04:11:05,25SQCMICSBBF0D5009C6F,Unknown
2022-07-15,04:33:45,25SQCMICSBBB6620096E4,Unknown
2022-07-15,04:33:55,25SQCMICSBBB6620096E4,Unknown
2022-07-15,04:35:56,25SQCMICSBBB6620096E4,Unknown
2022-07-15,04:36:06,25SQCMICSBBB6620096E4,Unknown
2022-07-15,04:36:16,25SQCMICSBBB6620096E4,Unknown
2022-07-15,04:36:26,25SQCMICSBBB6620096E4,Unknown
2022-07-15,04:36:36,25SQCMICSBBB6620096E4,Unknown
2022-07-15,04:36:46,25SQCMICSBBB6620096E4,Unknown
2022-07-15,04:36:56,25SQCMICSBBB6620096E4,Arriving
2022-07-15,04:37:06,25SQCMICSBBB6620096E4,Departing
2022-07-15,04:37:16,25SQCMICSBBB6620096E4,Departing
2022-07-15,04:37:26,25SQCMICSBBB6620096E4,Departing
2022-07-15,04:37:36,25SQCMICSBBB6620096E4,Departing
2022-07-15,04:37:46,25SQCMICSBBB6620096E4,Departing
2022-07-15,04:37:56,25SQCMICSBBB6620096E4,Unknown
2022-07-15,04:38:07,25SQCMICSBBB6620096E4,Unknown
2022-07-15,04:38:17,25SQCMICSBBB6620096E4,Unknown
2022-07-15,04:38:27,25SQCMICSBBB6620096E4,Unknown
2022-07-15,04:38:37,25SQCMICSBBB6620096E4,Unknown
2022-07-15,04:38:47,25SQCMICSBBB6620096E4,Unknown
2022-07-15,04:38:57,25SQCMICSBBB6620096E4,Unknown
2022-07-15,04:39:07,25SQCMICSBBB6620096E4,Unknown
2022-07-15,04:39:17,25SQCMICSBBB6620096E4,Unknown
2022-07-15,04:39:27,25SQCMICSBBB6620096E4,Unknown
2022-07-15,04:39:37,25SQCMICSBBB6620096E4,Unknown
2022-07-15,04:39:47,25SQCMICSBBB6620096E4,Unknown
2022-07-15,04:39:57,25SQCMICSBBB6620096E4,Unknown
2022-07-15,04:40:07,25SQCMICSBBB6620096E4,Unknown
2022-07-15,04:40:18,25SQCMICSBBB6620096E4,Unknown
2022-07-15,04:40:28,25SQCMICSBBB6620096E4,Unknown
2022-07-15,04:40:38,25SQCMICSBBB6620096E4,Departing
2022-07-15,04:40:48,25SQCMICSBBB6620096E4,Departing
2022-07-15,04:40:58,25SQCMICSBBB6620096E4,Departing
2022-07-15,04:41:08,25SQCMICSBBB6620096E4,Unknown
2022-07-15,04:41:18,25SQCMICSBBB6620096E4,Unknown
2022-07-15,04:41:28,25SQCMICSBBB6620096E4,Unknown
2022-07-15,04:41:38,25SQCMICSBBB6620096E4,Unknown
2022-07-15,04:41:48,25SQCMICSBBB6620096E4,Unknown
2022-07-15,04:41:58,25SQCMICSBBB6620096E4,Unknown
2022-07-15,04:42:08,25SQCMICSBBB6620096E4,Unknown
2022-07-15,04:42:18,25SQCMICSBBB6620096E4,Unknown
2022-07-15,04:42:28,25SQCMICSBBB6620096E4,Unknown
2022-07-15,04:42:39,25SQCMICSBBB6620096E4,Unknown
2022-07-15,04:42:49,25SQCMICSBBB6620096E4,Unknown
2022-07-15,04:42:59,25SQCMICSBBB6620096E4,Unknown
2022-07-15,04:43:09,25SQCMICSBBB6620096E4,Unknown
2022-07-15,04:43:19,25SQCMICSBBB6620096E4,Unknown
2022-07-15,05:30:08,25SQCMICSBBB6620096E4,Unknown
2022-07-15,05:30:19,25SQCMICSBBB6620096E4,Arriving
2022-07-15,05:30:29,25SQCMICSBBB6620096E4,Unknown
2022-07-15,05:30:39,25SQCMICSBBB6620096E4,Unknown
2022-07-15,05:30:49,25SQCMICSBBB6620096E4,Unknown
2022-07-15,05:39:32,25SQCMICSBB002E008F28,Departing
2022-07-15,05:40:43,25SQCMICSBBF0D5009C6F,Unknown
2022-07-15,05:41:43,25SQCMICSBBF0D5009C6F,Unknown
2022-07-15,05:41:53,25SQCMICSBBF0D5009C6F,Unknown
2022-07-15,05:42:03,25SQCMICSBBF0D5009C6F,Unknown
2022-07-15,05:42:13,25SQCMICSBBF0D5009C6F,Unknown
2022-07-15,05:42:24,25SQCMICSBBF0D5009C6F,Unknown
2022-07-15,05:44:14,25SQCMICSBB002E008F28,Arriving
2022-07-15,05:44:55,25SQCMICSBBF0D5009C6F,Unknown
2022-07-15,05:45:25,25SQCMICSBBF0D5009C6F,Unknown
2022-07-15,05:45:44,25SQCMICSBBB547009630,Departing
2022-07-15,05:45:55,25SQCMICSBBF0D5009C6F,Unknown
2022-07-15,05:46:05,25SQCMICSBBF0D5009C6F,Unknown
2022-07-15,05:46:15,25SQCMICSBBF0D5009C6F,Unknown
2022-07-15,05:46:25,25SQCMICSBBF0D5009C6F,Unknown
2022-07-15,05:46:35,25SQCMICSBBF0D5009C6F,Unknown
2022-07-15,05:46:45,25SQCMICSBBF0D5009C6F,Unknown
2022-07-15,05:46:55,25SQCMICSBBF0D5009C6F,Unknown
2022-07-15,05:47:26,25SQCMICSBBF0D5009C6F,Unknown
2022-07-15,05:47:36,25SQCMICSBBF0D5009C6F,Unknown
2022-07-15,05:47:46,25SQCMICSBBF0D5009C6F,Unknown
2022-07-15,05:47:56,25SQCMICSBBF0D5009C6F,Unknown
2022-07-15,05:48:06,25SQCMICSBBF0D5009C6F,Unknown
2022-07-15,05:48:16,25SQCMICSBBF0D5009C6F,Unknown
2022-07-15,05:48:26,25SQCMICSBBF0D5009C6F,Unknown
2022-07-15,05:48:36,25SQCMICSBBF0D5009C6F,Unknown
2022-07-15,05:48:46,25SQCMICSBBF0D5009C6F,Unknown
2022-07-15,05:48:56,25SQCMICSBBF0D5009C6F,Unknown
2022-07-15,05:49:06,25SQCMICSBBF0D5009C6F,Unknown
2022-07-15,05:49:16,25SQCMICSBBF0D5009C6F,Unknown
2022-07-15,05:49:16,25SQCMICSBB4190009D63,Departing
2022-07-15,05:51:37,25SQCMICSBBF0D5009C6F,Unknown
2022-07-15,05:52:38,25SQCMICSBBF0D5009C6F,Unknown
2022-07-15,05:53:18,25SQCMICSBB002E008F28,Departing
2022-07-15,05:53:58,25SQCMICSBBF0D5009C6F,Arriving
2022-07-15,05:54:59,25SQCMICSBB4190009D63,Arriving
2022-07-15,05:55:39,25SQCMICSBBE316009D02,Unknown
2022-07-15,05:57:50,25SQCMICSBBE316009D02,Arriving
2022-07-15,05:58:40,25SQCMICSBB002E008F28,Arriving
2022-07-15,05:58:50,25SQCMICSBB002E008F28,Unknown
2022-07-15,06:07:23,25SQCMICSBBB547009630,Arriving
2022-07-15,06:07:34,25SQCMICSBBB547009630,Unknown
2022-07-15,06:09:55,25SQCMICSBB302600962E,Departing
2022-07-15,06:10:15,25SQCMICSBB302600962E,Departing
2022-07-15,06:10:25,25SQCMICSBB302600962E,Departing
2022-07-15,06:11:45,25SQCMICSBB302600962E,Unknown
2022-07-15,06:11:55,25SQCMICSBB302600962E,Arriving
2022-07-15,06:13:36,25SQCMICSBBC94A0095A9,Departing
2022-07-15,06:14:07,25SQCMICSBB002E008F28,Departing
2022-07-15,06:19:39,25SQCMICSBB002E008F28,Arriving
2022-07-15,06:20:49,25SQCMICSBBC94A0095A9,Arriving
2022-07-15,06:23:30,25SQCMICSBB302600962E,Unknown
2022-07-15,06:23:40,25SQCMICSBB302600962E,Arriving
2022-07-15,06:27:02,25SQCMICSBBCFBB00963F,Unknown
2022-07-15,06:27:12,25SQCMICSBBCFBB00963F,Departing
2022-07-15,06:27:23,25SQCMICSBB002E008F28,Unknown
2022-07-15,06:29:43,25SQCMICSBBC94A0095A9,Departing
2022-07-15,06:29:44,25SQCMICSBBE316009D02,Unknown
2022-07-15,06:31:14,25SQCMICSBBB547009630,Arriving
2022-07-15,06:31:24,25SQCMICSBBB547009630,Departing
2022-07-15,06:32:14,25SQCMICSBB8FD5009748,Departing
2022-07-15,06:33:05,25SQCMICSBB002E008F28,Arriving
2022-07-15,06:36:16,25SQCMICSBBC94A0095A9,Arriving
2022-07-15,06:36:36,25SQCMICSBBE316009D02,Arriving
2022-07-15,06:38:37,25SQCMICSBB002E008F28,Departing
2022-07-15,06:40:58,25SQCMICSBB0F9D00970B,Departing
2022-07-15,06:41:08,25SQCMICSBB0F9D00970B,Unknown
2022-07-15,06:42:39,25SQCMICSBB8FD5009748,Arriving
2022-07-15,06:43:29,25SQCMICSBB002E008F28,Arriving
2022-07-15,06:43:50,25SQCMICSBB0F9D00970B,Arriving
2022-07-15,06:45:50,25SQCMICSBB3AAD008E92,Departing
2022-07-15,06:46:30,25SQCMICSBB8FD5009748,Unknown
2022-07-15,06:49:21,25SQCMICSBBB547009630,Arriving
2022-07-15,06:52:43,25SQCMICSBBAD1B00976C,Departing
2022-07-15,06:55:54,25SQCMICSBBAD1B00976C,Arriving
2022-07-15,06:58:35,25SQCMICSBB3AAD008E92,Arriving
2022-07-15,07:00:07,25SQCMICSBB002E008F28,Unknown
2022-07-15,07:00:16,25SQCMICSBBCFBB00963F,Unknown
2022-07-15,07:03:27,25SQCMICSBB8FD5009748,Arriving
2022-07-15,07:04:28,25SQCMICSBB4190009D63,Departing
2022-07-15,07:04:39,25SQCMICSBB002E008F28,Departing
2022-07-15,07:06:29,25SQCMICSBB0F9D00970B,Departing
2022-07-15,07:06:59,25SQCMICSBB302600962E,Departing
2022-07-15,07:07:09,25SQCMICSBB302600962E,Arriving
2022-07-15,07:08:30,25SQCMICSBB8FD5009748,Arriving
2022-07-15,07:08:50,25SQCMICSBB002E008F28,Arriving
2022-07-15,07:09:00,25SQCMICSBB002E008F28,Unknown
2022-07-15,07:12:21,25SQCMICSBBC94A0095A9,Departing
2022-07-15,07:12:41,25SQCMICSBBCFBB00963F,Departing
2022-07-15,07:13:42,25SQCMICSBB002E008F28,Departing
2022-07-15,07:14:22,25SQCMICSBB3AAD008E92,Departing
2022-07-15,07:14:33,25SQCMICSBB4190009D63,Arriving
2022-07-15,07:15:02,25SQCMICSBB302600962E,Departing
2022-07-15,07:15:13,25SQCMICSBBE316009D02,Unknown
2022-07-15,07:15:23,25SQCMICSBBE316009D02,Departing
2022-07-15,07:16:44,25SQCMICSBB002E008F28,Arriving
2022-07-15,07:19:04,25SQCMICSBB8BC3009BE0,Departing
2022-07-15,07:20:45,25SQCMICSBB8EBF009B92,Departing
2022-07-15,07:21:35,25SQCMICSBBC94A0095A9,Arriving
2022-07-15,07:21:56,25SQCMICSBB002E008F28,Departing
2022-07-15,07:25:57,25SQCMICSBBC94A0095A9,Departing
2022-07-15,07:26:48,25SQCMICSBB002E008F28,Unknown
2022-07-15,07:27:08,25SQCMICSBBE316009D02,Arriving
2022-07-15,07:28:28,25SQCMICSBBB4AC009656,Departing
2022-07-15,07:29:29,25SQCMICSBB4190009D63,Unknown
2022-07-15,07:29:39,25SQCMICSBB4190009D63,Departing
2022-07-15,07:29:39,25SQCMICSBB0F9D00970B,Arriving
2022-07-15,07:29:49,25SQCMICSBBB3F30096AF,Departing
2022-07-15,07:30:20,25SQCMICSBBE316009D02,Departing
2022-07-15,07:31:40,25SQCMICSBB002E008F28,Departing
2022-07-15,07:34:11,25SQCMICSBB8EBF009B92,Unknown
2022-07-15,07:34:51,25SQCMICSBB8EBF009B92,Arriving
2022-07-15,07:35:42,25SQCMICSBB002E008F28,Arriving
2022-07-15,07:37:23,25SQCMICSBBE316009D02,Arriving
2022-07-15,07:38:43,25SQCMICSBB002E008F28,Departing
2022-07-15,07:40:14,25SQCMICSBB0F9D00970B,Departing
2022-07-15,07:40:33,25SQCMICSBBB4AC009656,Arriving
2022-07-15,07:40:43,25SQCMICSBBB4AC009656,Unknown
2022-07-15,07:41:44,25SQCMICSBBC94A0095A9,Unknown
2022-07-15,07:41:54,25SQCMICSBBC94A0095A9,Arriving
2022-07-15,07:42:44,25SQCMICSBBCD34009649,Departing
2022-07-15,07:42:45,25SQCMICSBB002E008F28,Arriving
2022-07-15,07:42:54,25SQCMICSBB15F6009633,Departing
2022-07-15,07:43:45,25SQCMICSBBCD34009649,Arriving
2022-07-15,07:44:05,25SQCMICSBBE316009D02,Departing
2022-07-15,07:46:46,25SQCMICSBBB4AC009656,Departing
2022-07-15,07:48:57,25SQCMICSBBB547009630,Departing
2022-07-15,07:48:57,25SQCMICSBB4190009D63,Unknown
2022-07-15,07:49:07,25SQCMICSBB4190009D63,Arriving
2022-07-15,07:49:07,25SQCMICSBB002E008F28,Departing
2022-07-15,07:50:27,25SQCMICSBB8BC3009BE0,Arriving
2022-07-15,07:52:39,25SQCMICSBBE316009D02,Arriving
2022-07-15,07:52:48,25SQCMICSBBD853003FFF,Departing
2022-07-15,07:53:39,25SQCMICSBBCFBB00963F,Arriving
2022-07-15,07:53:39,25SQCMICSBB002E008F28,Arriving
2022-07-15,07:54:19,25SQCMICSBB527E00964F,Unknown
2022-07-15,07:54:29,25SQCMICSBB63E6009D55,Departing
2022-07-15,07:55:30,25SQCMICSBBB4AC009656,Arriving
2022-07-15,07:57:01,25SQCMICSBBE316009D02,Departing
2022-07-15,07:58:11,25SQCMICSBB934F0095E6,Unknown
2022-07-15,07:58:41,25SQCMICSBB4F4B00966A,Unknown
2022-07-15,08:00:02,25SQCMICSBB302600962E,Arriving
2022-07-15,08:00:53,25SQCMICSBB002E008F28,Unknown
2022-07-15,08:01:02,25SQCMICSBB4F4B00966A,Arriving
2022-07-15,08:01:32,25SQCMICSBBCFBB00963F,Departing
2022-07-15,08:03:54,25SQCMICSBB4190009D63,Departing
2022-07-15,08:04:04,25SQCMICSBB4190009D63,Unknown
2022-07-15,08:04:04,25SQCMICSBB0F9D00970B,Arriving
2022-07-15,08:04:24,25SQCMICSBB8BC3009BE0,Departing
2022-07-15,08:04:34,25SQCMICSBBAD1B00976C,Departing
2022-07-15,08:04:34,25SQCMICSBBCD34009649,Departing
2022-07-15,08:05:25,25SQCMICSBB002E008F28,Arriving
2022-07-15,08:07:46,25SQCMICSBB0262009D32,Unknown
2022-07-15,08:07:56,25SQCMICSBB0262009D32,Unknown
2022-07-15,08:09:36,25SQCMICSBB002E008F28,Departing
2022-07-15,08:10:06,25SQCMICSBBABAE009613,Departing
2022-07-15,08:12:07,25SQCMICSBBCD34009649,Departing
2022-07-15,08:12:07,25SQCMICSBBB547009630,Departing
2022-07-15,08:12:17,25SQCMICSBBCD34009649,Unknown
2022-07-15,08:12:17,25SQCMICSBBB547009630,Departing
2022-07-15,08:12:17,25SQCMICSBB8FD5009748,Arriving
2022-07-15,08:12:27,25SQCMICSBBB547009630,Arriving
2022-07-15,08:12:27,25SQCMICSBBCD34009649,Arriving
2022-07-15,08:13:28,25SQCMICSBBF11300964A,Departing
2022-07-15,08:13:38,25SQCMICSBB9BDD009D6F,Departing
2022-07-15,08:13:48,25SQCMICSBB0F9D00970B,Unknown
2022-07-15,08:13:58,25SQCMICSBBAD1B00976C,Arriving
2022-07-15,08:13:58,25SQCMICSBB002E008F28,Arriving
2022-07-15,08:14:08,25SQCMICSBBAD1B00976C,Unknown
2022-07-15,08:15:18,25SQCMICSBBB4AC009656,Departing
2022-07-15,08:15:49,25SQCMICSBB71E300961F,Unknown
2022-07-15,08:17:00,25SQCMICSBB0262009D32,Departing
2022-07-15,08:17:19,25SQCMICSBBB547009630,Departing
2022-07-15,08:18:20,25SQCMICSBB002E008F28,Departing
2022-07-15,08:19:00,25SQCMICSBBAD1B00976C,Departing
2022-07-15,08:19:20,25SQCMICSBB4906009627,Departing
2022-07-15,08:20:41,25SQCMICSBBD853003FFF,Arriving
2022-07-15,08:20:41,25SQCMICSBBE316009D02,Arriving
2022-07-15,08:20:51,25SQCMICSBBD853003FFF,Unknown
2022-07-15,08:21:41,25SQCMICSBBB4AC009656,Arriving
2022-07-15,08:21:51,25SQCMICSBBB4AC009656,Unknown
2022-07-15,08:22:12,25SQCMICSBB6483008F10,Unknown
2022-07-15,08:22:52,25SQCMICSBB9BDD009D6F,Arriving
2022-07-15,08:23:02,25SQCMICSBB9BDD009D6F,Unknown
2022-07-15,08:23:12,25SQCMICSBB002E008F28,Unknown
2022-07-15,08:23:22,25SQCMICSBB002E008F28,Arriving
2022-07-15,08:25:33,25SQCMICSBB8EBF009B92,Departing
2022-07-15,08:26:23,25SQCMICSBB4906009627,Arriving
2022-07-15,08:27:13,25SQCMICSBB527E00964F,Unknown
2022-07-15,08:27:24,25SQCMICSBB527E00964F,Unknown
2022-07-15,08:27:34,25SQCMICSBB0CBD0095D4,Departing
2022-07-15,08:27:44,25SQCMICSBB0CBD0095D4,Unknown
2022-07-15,08:29:25,25SQCMICSBB002E008F28,Unknown
2022-07-15,08:32:46,25SQCMICSBBB6620096E4,Departing
2022-07-15,08:32:56,25SQCMICSBB5604009662,Departing
2022-07-15,08:33:36,25SQCMICSBB15F6009633,Arriving
2022-07-15,08:34:06,25SQCMICSBBCD34009649,Departing
2022-07-15,08:34:06,25SQCMICSBBCFBB00963F,Unknown
2022-07-15,08:34:16,25SQCMICSBBCFBB00963F,Arriving
2022-07-15,08:34:27,25SQCMICSBB4F4B00966A,Departing
2022-07-15,08:34:37,25SQCMICSBBAD1B00976C,Arriving
2022-07-15,08:34:37,25SQCMICSBB5AE8009D0B,Departing
2022-07-15,08:34:47,25SQCMICSBBAD1B00976C,Unknown
2022-07-15,08:35:27,25SQCMICSBBB3F30096AF,Arriving
2022-07-15,08:35:37,25SQCMICSBB71E300961F,Arriving
2022-07-15,08:36:38,25SQCMICSBB527E00964F,Departing
2022-07-15,08:37:18,25SQCMICSBB002E008F28,Unknown
2022-07-15,08:40:20,25SQCMICSBB002E008F28,Departing
2022-07-15,08:40:40,25SQCMICSBB5AE8009D0B,Arriving
2022-07-15,08:40:50,25SQCMICSBB5AE8009D0B,Arriving
2022-07-15,08:41:40,25SQCMICSBB0F9D00970B,Arriving
2022-07-15,08:42:20,25SQCMICSBB8EBF009B92,Arriving
2022-07-15,08:43:10,25SQCMICSBBAD1B00976C,Departing
2022-07-15,08:43:51,25SQCMICSBBB6620096E4,Arriving
2022-07-15,08:44:01,25SQCMICSBBCFBB00963F,Unknown
2022-07-15,08:44:51,25SQCMICSBBF11300964A,Arriving
2022-07-15,08:45:11,25SQCMICSBBCD34009649,Arriving
2022-07-15,08:45:32,25SQCMICSBB0F9D00970B,Departing
2022-07-15,08:46:02,25SQCMICSBB15F6009633,Departing
2022-07-15,08:46:12,25SQCMICSBB9506009664,Departing
2022-07-15,08:46:52,25SQCMICSBB8BC3009BE0,Arriving
2022-07-15,08:47:23,25SQCMICSBB0262009D32,Unknown
2022-07-15,08:48:33,25SQCMICSBB9506009664,Arriving
2022-07-15,08:49:24,25SQCMICSBB002E008F28,Arriving
2022-07-15,08:50:04,25SQCMICSBBB547009630,Arriving
2022-07-15,08:51:15,25SQCMICSBBB6620096E4,Unknown
2022-07-15,08:51:25,25SQCMICSBBB6620096E4,Departing
2022-07-15,08:52:45,25SQCMICSBB8FD5009748,Departing
2022-07-15,08:55:06,25SQCMICSBBC94A0095A9,Departing
2022-07-15,08:55:16,25SQCMICSBBB770009652,Arriving
2022-07-15,08:55:56,25SQCMICSBB4F4B00966A,Arriving
2022-07-15,08:56:06,25SQCMICSBBF443009B9D,Unknown
2022-07-15,08:56:16,25SQCMICSBBF443009B9D,Departing
2022-07-15,08:56:16,25SQCMICSBB515A00977D,Departing
2022-07-15,08:56:47,25SQCMICSBBAD1B00976C,Arriving
2022-07-15,08:56:57,25SQCMICSBBABAE009613,Arriving
2022-07-15,08:57:17,25SQCMICSBB8EBF009B92,Departing
2022-07-15,08:58:07,25SQCMICSBB4906009627,Departing
2022-07-15,08:58:07,25SQCMICSBBD7E60096C3,Departing
2022-07-15,08:58:07,25SQCMICSBB736C009669,Unknown
2022-07-15,08:58:17,25SQCMICSBB736C009669,Departing
2022-07-15,08:59:48,25SQCMICSBB8A04009621,Departing
2022-07-15,09:00:08,25SQCMICSBB736C009669,Arriving
2022-07-15,09:00:08,25SQCMICSBB8BC3009BE0,Unknown
2022-07-15,09:00:18,25SQCMICSBB8BC3009BE0,Departing
2022-07-15,09:00:38,25SQCMICSBBB547009630,Departing
2022-07-15,09:01:09,25SQCMICSBBE316009D02,Arriving
2022-07-15,09:01:59,25SQCMICSBB14E5009763,Departing
2022-07-15,09:02:19,25SQCMICSBBF11300964A,Departing
2022-07-15,09:02:40,25SQCMICSBB002E008F28,Departing
2022-07-15,09:03:10,25SQCMICSBBB6620096E4,Arriving
2022-07-15,09:03:50,25SQCMICSBB0CBD0095D4,Arriving
2022-07-15,09:04:00,25SQCMICSBB2BA70096B4,Departing
2022-07-15,09:04:20,25SQCMICSBB4190009D63,Arriving
2022-07-15,09:06:01,25SQCMICSBBABAE009613,Departing
2022-07-15,09:06:01,25SQCMICSBB4906009627,Arriving
2022-07-15,09:06:41,25SQCMICSBBD853003FFF,Departing
2022-07-15,09:07:11,25SQCMICSBBAD1B00976C,Departing
2022-07-15,09:07:31,25SQCMICSBB63E6009D55,Arriving
2022-07-15,09:07:42,25SQCMICSBBE316009D02,Departing
2022-07-15,09:08:52,25SQCMICSBB002E008F28,Arriving
2022-07-15,09:09:52,25SQCMICSBBB4AC009656,Departing
2022-07-15,09:10:13,25SQCMICSBB0262009D32,Unknown
2022-07-15,09:10:23,25SQCMICSBB9BDD009D6F,Departing
2022-07-15,09:11:33,25SQCMICSBB5604009662,Arriving
2022-07-15,09:13:34,25SQCMICSBB696B009BF4,Unknown
2022-07-15,09:14:25,25SQCMICSBBE316009D02,Arriving
2022-07-15,09:14:35,25SQCMICSBBE316009D02,Unknown
2022-07-15,09:14:55,25SQCMICSBB0CBD0095D4,Departing
2022-07-15,09:17:06,25SQCMICSBB002E008F28,Departing
2022-07-15,09:18:17,25SQCMICSBBB6620096E4,Departing
2022-07-15,09:19:47,25SQCMICSBBE316009D02,Unknown
2022-07-15,09:20:28,25SQCMICSBBF0D5009C6F,Departing
2022-07-15,09:20:47,25SQCMICSBBB4AC009656,Arriving
2022-07-15,09:21:17,25SQCMICSBB71E300961F,Unknown
2022-07-15,09:21:27,25SQCMICSBB71E300961F,Unknown
2022-07-15,09:21:38,25SQCMICSBB9BDD009D6F,Arriving
2022-07-15,09:21:38,25SQCMICSBB0F9D00970B,Unknown
2022-07-15,09:22:28,25SQCMICSBB6483008F10,Arriving
2022-07-15,09:22:38,25SQCMICSBB527E00964F,Unknown
2022-07-15,09:22:48,25SQCMICSBB527E00964F,Unknown
2022-07-15,09:22:58,25SQCMICSBB527E00964F,Arriving
2022-07-15,09:24:19,25SQCMICSBB002E008F28,Arriving
2022-07-15,09:24:29,25SQCMICSBB2BA70096B4,Arriving
2022-07-15,09:25:59,25SQCMICSBBCD34009649,Departing
2022-07-15,09:26:20,25SQCMICSBBB547009630,Arriving
2022-07-15,09:26:20,25SQCMICSBB6ECD009BDD,Departing
2022-07-15,09:27:00,25SQCMICSBBCFBB00963F,Unknown
2022-07-15,09:27:10,25SQCMICSBBB4AC009656,Departing
2022-07-15,09:27:10,25SQCMICSBBCFBB00963F,Departing
2022-07-15,09:27:20,25SQCMICSBBCFBB00963F,Unknown
2022-07-15,09:27:30,25SQCMICSBBCFBB00963F,Unknown
2022-07-15,09:27:50,25SQCMICSBBCFBB00963F,Arriving
2022-07-15,09:29:01,25SQCMICSBB0F9D00970B,Departing
2022-07-15,09:29:11,25SQCMICSBB2BA70096B4,Departing
2022-07-15,09:29:21,25SQCMICSBBB6620096E4,Arriving
2022-07-15,09:29:31,25SQCMICSBB63E6009D55,Unknown
2022-07-15,09:30:21,25SQCMICSBB63E6009D55,Departing
2022-07-15,09:31:12,25SQCMICSBB3AAD008E92,Unknown
2022-07-15,09:31:22,25SQCMICSBB3AAD008E92,Arriving
2022-07-15,09:32:02,25SQCMICSBBB547009630,Unknown
2022-07-15,09:32:12,25SQCMICSBBB547009630,Departing
2022-07-15,09:32:42,25SQCMICSBBC94A0095A9,Arriving
2022-07-15,09:32:53,25SQCMICSBB696B009BF4,Arriving
2022-07-15,09:33:33,25SQCMICSBBAD1B00976C,Unknown
2022-07-15,09:33:53,25SQCMICSBBB770009652,Unknown
2022-07-15,09:34:03,25SQCMICSBBB770009652,Arriving
2022-07-15,09:35:03,25SQCMICSBBD853003FFF,Arriving
2022-07-15,09:35:34,25SQCMICSBB909700962F,Departing
2022-07-15,09:36:04,25SQCMICSBBB3F30096AF,Departing
2022-07-15,09:36:44,25SQCMICSBBCD34009649,Arriving
2022-07-15,09:37:45,25SQCMICSBB951200968D,Departing
2022-07-15,09:38:15,25SQCMICSBB002E008F28,Departing
2022-07-15,09:38:35,25SQCMICSBBAD1B00976C,Departing
2022-07-15,09:40:06,25SQCMICSBBF11300964A,Unknown
2022-07-15,09:40:16,25SQCMICSBBF11300964A,Arriving
2022-07-15,09:41:26,25SQCMICSBB8A04009621,Unknown
2022-07-15,09:41:27,25SQCMICSBB99EA009D0D,Departing
2022-07-15,09:41:36,25SQCMICSBB8A04009621,Arriving
2022-07-15,09:41:46,25SQCMICSBB8FD5009748,Unknown
2022-07-15,09:41:56,25SQCMICSBB8FD5009748,Arriving
2022-07-15,09:42:27,25SQCMICSBB6483008F10,Unknown
2022-07-15,09:42:37,25SQCMICSBB6483008F10,Departing
2022-07-15,09:42:37,25SQCMICSBBE316009D02,Unknown
2022-07-15,09:42:47,25SQCMICSBBE316009D02,Arriving
2022-07-15,09:42:57,25SQCMICSBB3AAD008E92,Departing
2022-07-15,09:43:17,25SQCMICSBB527E00964F,Departing
2022-07-15,09:43:27,25SQCMICSBB9BDD009D6F,Departing
2022-07-15,09:43:37,25SQCMICSBB909700962F,Arriving
2022-07-15,09:43:47,25SQCMICSBB14E5009763,Unknown
2022-07-15,09:43:57,25SQCMICSBB14E5009763,Unknown
2022-07-15,09:44:58,25SQCMICSBB6CD600963A,Unknown
2022-07-15,09:45:08,25SQCMICSBB6CD600963A,Departing
2022-07-15,09:45:09,25SQCMICSBBB6620096E4,Departing
2022-07-15,09:45:49,25SQCMICSBB002E008F28,Arriving
2022-07-15,09:47:49,25SQCMICSBB8FD5009748,Departing
2022-07-15,09:47:59,25SQCMICSBB8BC3009BE0,Arriving
2022-07-15,09:48:40,25SQCMICSBB841C008F46,Departing
2022-07-15,09:50:40,25SQCMICSBBD4C3009657,Departing
2022-07-15,09:51:41,25SQCMICSBB2969009626,Departing
2022-07-15,09:52:31,25SQCMICSBBD853003FFF,Arriving
2022-07-15,09:54:12,25SQCMICSBBD4C3009657,Unknown
2022-07-15,09:54:12,25SQCMICSBB4F4B00966A,Departing
2022-07-15,09:54:22,25SQCMICSBB0262009D32,Arriving
2022-07-15,09:54:32,25SQCMICSBBB4AC009656,Arriving
2022-07-15,09:54:42,25SQCMICSBBD4C3009657,Arriving
2022-07-15,09:55:23,25SQCMICSBBD0F9009758,Departing
2022-07-15,09:55:53,25SQCMICSBB8BC3009BE0,Departing
2022-07-15,09:58:14,25SQCMICSBBAD1B00976C,Arriving
2022-07-15,09:58:54,25SQCMICSBB909700962F,Departing
2022-07-15,10:00:24,25SQCMICSBBABAE009613,Departing
2022-07-15,10:00:24,25SQCMICSBB9BDD009D6F,Arriving
2022-07-15,10:00:24,25SQCMICSBB2BA70096B4,Unknown
2022-07-15,10:00:34,25SQCMICSBB2BA70096B4,Arriving
2022-07-15,10:00:34,25SQCMICSBBABAE009613,Departing
2022-07-15,10:00:55,25SQCMICSBBABAE009613,Arriving
2022-07-15,10:01:45,25SQCMICSBBB547009630,Arriving
2022-07-15,10:02:16,25SQCMICSBBB6620096E4,Arriving
2022-07-15,10:02:26,25SQCMICSBBB6620096E4,Unknown
2022-07-15,10:02:35,25SQCMICSBB0CBD0095D4,Departing
2022-07-15,10:02:56,25SQCMICSBB0CBD0095D4,Arriving
2022-07-15,10:04:27,25SQCMICSBB0262009D32,Departing
2022-07-15,10:05:06,25SQCMICSBB367F00968C,Departing
2022-07-15,10:06:57,25SQCMICSBB71E300961F,Unknown
2022-07-15,10:06:57,25SQCMICSBB2BA70096B4,Departing
2022-07-15,10:07:07,25SQCMICSBB71E300961F,Arriving
2022-07-15,10:07:17,25SQCMICSBBF11300964A,Departing
2022-07-15,10:07:17,25SQCMICSBB909700962F,Arriving
2022-07-15,10:08:18,25SQCMICSBB367F00968C,Arriving
2022-07-15,10:09:08,25SQCMICSBBAD1B00976C,Departing
2022-07-15,10:09:18,25SQCMICSBB6CD600963A,Arriving
2022-07-15,10:09:48,25SQCMICSBBB4AC009656,Departing
2022-07-15,10:10:29,25SQCMICSBB8920009713,Departing
2022-07-15,10:10:39,25SQCMICSBB515A00977D,Arriving
2022-07-15,10:11:39,25SQCMICSBB4906009627,Departing
2022-07-15,10:11:40,25SQCMICSBB0F9D00970B,Arriving
2022-07-15,10:11:49,25SQCMICSBB3121009795,Departing
2022-07-15,10:11:50,25SQCMICSBB0F9D00970B,Unknown
2022-07-15,10:12:20,25SQCMICSBB0CBD0095D4,Departing
2022-07-15,10:14:00,25SQCMICSBBD7E60096C3,Arriving
2022-07-15,10:14:21,25SQCMICSBBE316009D02,Departing
2022-07-15,10:15:11,25SQCMICSBB0EA2009BDE,Departing
2022-07-15,10:15:32,25SQCMICSBBB5BE0096E0,Departing
2022-07-15,10:15:32,25SQCMICSBBB6620096E4,Unknown
2022-07-15,10:15:42,25SQCMICSBBB6620096E4,Departing
2022-07-15,10:15:51,25SQCMICSBB909700962F,Departing
2022-07-15,10:16:21,25SQCMICSBB9BDD009D6F,Unknown
2022-07-15,10:16:31,25SQCMICSBB9BDD009D6F,Departing
2022-07-15,10:18:02,25SQCMICSBBB547009630,Unknown
2022-07-15,10:18:12,25SQCMICSBBB547009630,Departing
2022-07-15,10:18:13,25SQCMICSBB002E008F28,Departing
2022-07-15,10:18:53,25SQCMICSBB117400972A,Unknown
2022-07-15,10:19:03,25SQCMICSBBB770009652,Departing
2022-07-15,10:19:03,25SQCMICSBBAD1B00976C,Arriving
2022-07-15,10:19:03,25SQCMICSBB117400972A,Departing
2022-07-15,10:20:53,25SQCMICSBB63E6009D55,Arriving
2022-07-15,10:21:03,25SQCMICSBB63E6009D55,Unknown
2022-07-15,10:21:54,25SQCMICSBB2856009CF1,Departing
2022-07-15,10:22:04,25SQCMICSBB2856009CF1,Unknown
2022-07-15,10:22:34,25SQCMICSBBC94A0095A9,Departing
2022-07-15,10:23:45,25SQCMICSBB0D5200965F,Departing
2022-07-15,10:23:55,25SQCMICSBB515A00977D,Departing
2022-07-15,10:24:15,25SQCMICSBB909700962F,Arriving
2022-07-15,10:24:35,25SQCMICSBBCD8C00965D,Departing
2022-07-15,10:25:35,25SQCMICSBB14E5009763,Departing
2022-07-15,10:25:35,25SQCMICSBB0D5200965F,Unknown
2022-07-15,10:25:45,25SQCMICSBB0D5200965F,Arriving
2022-07-15,10:26:16,25SQCMICSBBB4AC009656,Arriving
2022-07-15,10:26:16,25SQCMICSBB6ECD009BDD,Arriving
2022-07-15,10:26:26,25SQCMICSBB4F4B00966A,Departing
2022-07-15,10:26:36,25SQCMICSBB4F4B00966A,Arriving
2022-07-15,10:26:46,25SQCMICSBB63E6009D55,Departing
2022-07-15,10:26:56,25SQCMICSBBCD8C00965D,Arriving
2022-07-15,10:26:56,25SQCMICSBB9BDD009D6F,Arriving
2022-07-15,10:28:07,25SQCMICSBBAD1B00976C,Departing
2022-07-15,10:29:47,25SQCMICSBBABAE009613,Unknown
2022-07-15,10:30:28,25SQCMICSBB002E008F28,Arriving
2022-07-15,10:30:38,25SQCMICSBB002E008F28,Unknown
2022-07-15,10:30:58,25SQCMICSBBD7E60096C3,Departing
2022-07-15,10:31:38,25SQCMICSBB909700962F,Unknown
2022-07-15,10:32:08,25SQCMICSBB0D5200965F,Departing
2022-07-15,10:32:08,25SQCMICSBB15F6009633,Arriving
2022-07-15,10:33:09,25SQCMICSBB527E00964F,Arriving
2022-07-15,10:33:29,25SQCMICSBB8FD5009748,Arriving
2022-07-15,10:33:40,25SQCMICSBBE316009D02,Arriving
2022-07-15,10:34:40,25SQCMICSBB14190095BA,Departing
2022-07-15,10:35:20,25SQCMICSBB002E008F28,Departing
2022-07-15,10:35:30,25SQCMICSBB002E008F28,Unknown
2022-07-15,10:37:11,25SQCMICSBB909700962F,Arriving
2022-07-15,10:37:21,25SQCMICSBBD853003FFF,Arriving
2022-07-15,10:39:01,25SQCMICSBB8FD5009748,Departing
2022-07-15,10:39:32,25SQCMICSBB4F4B00966A,Departing
2022-07-15,10:39:32,25SQCMICSBB0D5200965F,Arriving
2022-07-15,10:40:22,25SQCMICSBB9BDD009D6F,Departing
2022-07-15,10:41:12,25SQCMICSBBB547009630,Arriving
2022-07-15,10:41:22,25SQCMICSBBB547009630,Arriving
2022-07-15,10:43:03,25SQCMICSBB0D5200965F,Departing
2022-07-15,10:43:04,25SQCMICSBB117400972A,Arriving
2022-07-15,10:44:24,25SQCMICSBBB4AC009656,Departing
2022-07-15,10:44:34,25SQCMICSBBB6620096E4,Arriving
2022-07-15,10:44:44,25SQCMICSBBB6620096E4,Unknown
2022-07-15,10:46:05,25SQCMICSBB002E008F28,Arriving
2022-07-15,10:46:45,25SQCMICSBB8A04009621,Unknown
2022-07-15,10:46:55,25SQCMICSBB909700962F,Unknown
2022-07-15,10:47:05,25SQCMICSBB0F9D00970B,Departing
2022-07-15,10:47:16,25SQCMICSBB0262009D32,Arriving
2022-07-15,10:47:26,25SQCMICSBB0262009D32,Unknown
2022-07-15,10:48:25,25SQCMICSBBD853003FFF,Departing
2022-07-15,10:49:26,25SQCMICSBB8920009713,Unknown
2022-07-15,10:49:36,25SQCMICSBBAD1B00976C,Arriving
2022-07-15,10:49:37,25SQCMICSBB8920009713,Unknown
2022-07-15,10:50:37,25SQCMICSBBE316009D02,Unknown
2022-07-15,10:50:46,25SQCMICSBB527E00964F,Departing
2022-07-15,10:50:56,25SQCMICSBB15F6009633,Departing
2022-07-15,10:51:27,25SQCMICSBB71E300961F,Departing
2022-07-15,10:51:27,25SQCMICSBB0D5200965F,Unknown
2022-07-15,10:51:37,25SQCMICSBB0D5200965F,Arriving
2022-07-15,10:51:47,25SQCMICSBB9BDD009D6F,Arriving
2022-07-15,10:51:47,25SQCMICSBB31CD00964C,Unknown
2022-07-15,10:51:57,25SQCMICSBB31CD00964C,Departing
2022-07-15,10:51:57,25SQCMICSBB9BDD009D6F,Arriving
2022-07-15,10:52:17,25SQCMICSBB5604009662,Departing
2022-07-15,10:52:57,25SQCMICSBB8BC3009BE0,Unknown
2022-07-15,10:53:38,25SQCMICSBBB770009652,Arriving
2022-07-15,10:54:18,25SQCMICSBBAD1B00976C,Departing
2022-07-15,10:54:58,25SQCMICSBB31CD00964C,Arriving
2022-07-15,10:55:09,25SQCMICSBB909700962F,Arriving
2022-07-15,10:55:59,25SQCMICSBB2BA70096B4,Arriving
2022-07-15,10:56:09,25SQCMICSBB2BA70096B4,Unknown
2022-07-15,10:57:09,25SQCMICSBBF11300964A,Arriving
2022-07-15,10:58:10,25SQCMICSBB6483008F10,Arriving
2022-07-15,10:58:21,25SQCMICSBBB6620096E4,Departing
2022-07-15,10:58:21,25SQCMICSBB0262009D32,Unknown
2022-07-15,10:58:40,25SQCMICSBB8BC3009BE0,Departing
2022-07-15,10:59:10,25SQCMICSBBA8760095FC,Arriving
2022-07-15,11:01:32,25SQCMICSBB2969009626,Unknown
2022-07-15,11:01:42,25SQCMICSBB2969009626,Arriving
2022-07-15,11:02:52,25SQCMICSBB5604009662,Arriving
2022-07-15,11:03:02,25SQCMICSBB696B009BF4,Departing
2022-07-15,11:03:02,25SQCMICSBB0D5200965F,Departing
2022-07-15,11:03:12,25SQCMICSBBA8760095FC,Departing
2022-07-15,11:04:12,25SQCMICSBB50F1009639,Departing
2022-07-15,11:04:12,25SQCMICSBB4C2F009678,Departing
2022-07-15,11:04:12,25SQCMICSBB9BDD009D6F,Departing
2022-07-15,11:04:23,25SQCMICSBB3121009795,Arriving
2022-07-15,11:04:43,25SQCMICSBB2BA70096B4,Unknown
2022-07-15,11:04:53,25SQCMICSBB2BA70096B4,Departing
2022-07-15,11:05:13,25SQCMICSBBE316009D02,Arriving
2022-07-15,11:05:23,25SQCMICSBBB547009630,Departing
2022-07-15,11:05:23,25SQCMICSBB309E009638,Departing
2022-07-15,11:06:13,25SQCMICSBB6ECD009BDD,Departing
2022-07-15,11:07:04,25SQCMICSBBF443009B9D,Arriving
2022-07-15,11:07:14,25SQCMICSBBF443009B9D,Unknown
2022-07-15,11:07:24,25SQCMICSBB0CBD0095D4,Arriving
2022-07-15,11:07:24,25SQCMICSBB309E009638,Arriving
2022-07-15,11:07:54,25SQCMICSBB0D5200965F,Arriving
2022-07-15,11:08:24,25SQCMICSBB302600962E,Departing
2022-07-15,11:08:34,25SQCMICSBB302600962E,Departing
2022-07-15,11:08:44,25SQCMICSBBB4AC009656,Arriving
2022-07-15,11:08:55,25SQCMICSBBB4AC009656,Unknown
2022-07-15,11:09:45,25SQCMICSBB3121009795,Arriving
2022-07-15,11:10:55,25SQCMICSBBF443009B9D,Departing
2022-07-15,11:11:06,25SQCMICSBB63E6009D55,Arriving
2022-07-15,11:11:16,25SQCMICSBB63E6009D55,Arriving
2022-07-15,11:12:26,25SQCMICSBB14E5009763,Arriving
2022-07-15,11:13:06,25SQCMICSBB6CD600963A,Departing
2022-07-15,11:14:37,25SQCMICSBB63E6009D55,Departing
2022-07-15,11:14:37,25SQCMICSBBF11300964A,Unknown
2022-07-15,11:14:57,25SQCMICSBBB770009652,Departing
2022-07-15,11:15:18,25SQCMICSBB002E008F28,Departing
2022-07-15,11:15:27,25SQCMICSBB8EBF009B92,Arriving
2022-07-15,11:16:08,25SQCMICSBB0D5200965F,Unknown
2022-07-15,11:16:18,25SQCMICSBB2969009626,Departing
2022-07-15,11:16:58,25SQCMICSBBC94A0095A9,Arriving
2022-07-15,11:17:19,25SQCMICSBB6483008F10,Departing
2022-07-15,11:17:28,25SQCMICSBB0CBD0095D4,Departing
2022-07-15,11:19:40,25SQCMICSBB8920009713,Departing
2022-07-15,11:20:40,25SQCMICSBB8FD5009748,Arriving
2022-07-15,11:20:50,25SQCMICSBB9415009734,Departing
2022-07-15,11:21:30,25SQCMICSBB50F1009639,Arriving
2022-07-15,11:22:41,25SQCMICSBB0D5200965F,Arriving
2022-07-15,11:22:51,25SQCMICSBB34E00095F8,Departing
2022-07-15,11:23:52,25SQCMICSBB002E008F28,Arriving
2022-07-15,11:24:11,25SQCMICSBB8FD5009748,Departing
2022-07-15,11:24:22,25SQCMICSBB31CD00964C,Arriving
2022-07-15,11:24:22,25SQCMICSBB9506009664,Unknown
2022-07-15,11:24:32,25SQCMICSBB31CD00964C,Departing
2022-07-15,11:24:32,25SQCMICSBB9506009664,Unknown
2022-07-15,11:25:23,25SQCMICSBB117400972A,Unknown
2022-07-15,11:25:32,25SQCMICSBB31CD00964C,Arriving
2022-07-15,11:25:33,25SQCMICSBB117400972A,Departing
2022-07-15,11:27:44,25SQCMICSBB002E008F28,Departing
2022-07-15,11:29:44,25SQCMICSBB3AAD008E92,Arriving
2022-07-15,11:31:14,25SQCMICSBB0D5200965F,Departing
2022-07-15,11:32:35,25SQCMICSBBAD1B00976C,Arriving
2022-07-15,11:33:15,25SQCMICSBB14E5009763,Departing
2022-07-15,11:33:25,25SQCMICSBB4906009627,Arriving
2022-07-15,11:33:46,25SQCMICSBBB4AC009656,Departing
2022-07-15,11:33:56,25SQCMICSBB8A04009621,Arriving
2022-07-15,11:34:36,25SQCMICSBBC94A0095A9,Departing
2022-07-15,11:35:06,25SQCMICSBBB547009630,Arriving
2022-07-15,11:35:37,25SQCMICSBBB6620096E4,Arriving
2022-07-15,11:35:47,25SQCMICSBBB6620096E4,Unknown
2022-07-15,11:36:17,25SQCMICSBB515A00977D,Arriving
2022-07-15,11:37:07,25SQCMICSBB3AAD008E92,Unknown
2022-07-15,11:37:08,25SQCMICSBB0F9D00970B,Arriving
2022-07-15,11:37:17,25SQCMICSBB3AAD008E92,Unknown
2022-07-15,11:37:17,25SQCMICSBB4C2F009678,Arriving
2022-07-15,11:37:18,25SQCMICSBB002E008F28,Arriving
2022-07-15,11:37:37,25SQCMICSBB0D5200965F,Arriving
2022-07-15,11:38:07,25SQCMICSBBD853003FFF,Arriving
2022-07-15,11:38:38,25SQCMICSBBB770009652,Arriving
2022-07-15,11:39:28,25SQCMICSBB4906009627,Departing
2022-07-15,11:40:18,25SQCMICSBBAD1B00976C,Unknown
2022-07-15,11:40:28,25SQCMICSBBAD1B00976C,Departing
2022-07-15,11:41:39,25SQCMICSBB6CD600963A,Unknown
2022-07-15,11:41:49,25SQCMICSBB6CD600963A,Arriving
2022-07-15,11:41:50,25SQCMICSBBB6620096E4,Unknown
2022-07-15,11:43:00,25SQCMICSBB515A00977D,Departing
2022-07-15,11:43:10,25SQCMICSBB951200968D,Arriving
2022-07-15,11:44:00,25SQCMICSBB5604009662,Departing
2022-07-15,11:44:20,25SQCMICSBB2BA70096B4,Arriving
2022-07-15,11:45:11,25SQCMICSBBD853003FFF,Unknown
2022-07-15,11:45:21,25SQCMICSBBD853003FFF,Departing
2022-07-15,11:45:51,25SQCMICSBB6CD600963A,Departing
2022-07-15,11:46:21,25SQCMICSBB0D5200965F,Departing
2022-07-15,11:47:32,25SQCMICSBBB770009652,Departing
2022-07-15,11:47:52,25SQCMICSBB002E008F28,Arriving
2022-07-15,11:48:02,25SQCMICSBB002E008F28,Departing
2022-07-15,11:49:22,25SQCMICSBB4C2F009678,Departing
2022-07-15,11:50:13,25SQCMICSBB934F0095E6,Unknown
2022-07-15,11:50:23,25SQCMICSBB934F0095E6,Departing
2022-07-15,11:51:53,25SQCMICSBB0D5200965F,Arriving
2022-07-15,11:51:53,25SQCMICSBBF569009665,Departing
2022-07-15,11:53:04,25SQCMICSBB2BA70096B4,Departing
2022-07-15,11:53:54,25SQCMICSBBF569009665,Arriving
2022-07-15,11:54:35,25SQCMICSBBB4AC009656,Arriving
2022-07-15,11:55:25,25SQCMICSBB71E300961F,Arriving
2022-07-15,11:56:56,25SQCMICSBB5604009662,Arriving
2022-07-15,11:56:56,25SQCMICSBB527E00964F,Arriving
2022-07-15,11:58:46,25SQCMICSBB951200968D,Departing
2022-07-15,11:59:47,25SQCMICSBB8FD5009748,Arriving
2022-07-15,12:00:37,25SQCMICSBB63E6009D55,Arriving
2022-07-15,12:00:57,25SQCMICSBB9BDD009D6F,Unknown
2022-07-15,12:01:08,25SQCMICSBB9BDD009D6F,Arriving
2022-07-15,12:01:28,25SQCMICSBB0D5200965F,Unknown
2022-07-15,12:01:58,25SQCMICSBBABAE009613,Arriving
2022-07-15,12:02:29,25SQCMICSBB002E008F28,Arriving
2022-07-15,12:03:08,25SQCMICSBBCD34009649,Departing
2022-07-15,12:03:18,25SQCMICSBB71E300961F,Departing
2022-07-15,12:03:49,25SQCMICSBB4190009D63,Departing
2022-07-15,12:03:59,25SQCMICSBB73D400967D,Departing
2022-07-15,12:04:39,25SQCMICSBB8FD5009748,Departing
2022-07-15,12:05:39,25SQCMICSBB9BDD009D6F,Departing
2022-07-15,12:05:49,25SQCMICSBB0D5200965F,Arriving
2022-07-15,12:06:30,25SQCMICSBB8BC3009BE0,Arriving
2022-07-15,12:10:21,25SQCMICSBBCD34009649,Arriving
2022-07-15,12:11:22,25SQCMICSBB0D5200965F,Departing
2022-07-15,12:11:53,25SQCMICSBB0262009D32,Arriving
2022-07-15,12:12:43,25SQCMICSBBAD1B00976C,Arriving
2022-07-15,12:13:03,25SQCMICSBBB4AC009656,Departing
2022-07-15,12:13:03,25SQCMICSBB2969009626,Unknown
2022-07-15,12:13:13,25SQCMICSBB527E00964F,Departing
2022-07-15,12:13:13,25SQCMICSBB2969009626,Arriving
2022-07-15,12:13:53,25SQCMICSBBCD34009649,Departing
2022-07-15,12:16:34,25SQCMICSBB696B009BF4,Arriving
2022-07-15,12:16:54,25SQCMICSBB934F0095E6,Arriving
2022-07-15,12:16:54,25SQCMICSBB0D5200965F,Arriving
2022-07-15,12:17:25,25SQCMICSBBB770009652,Arriving
2022-07-15,12:18:05,25SQCMICSBBAD1B00976C,Departing
2022-07-15,12:18:05,25SQCMICSBBD0F9009758,Arriving
2022-07-15,12:18:45,25SQCMICSBBCD34009649,Arriving
2022-07-15,12:18:45,25SQCMICSBBB3F30096AF,Unknown
2022-07-15,12:18:55,25SQCMICSBBB3F30096AF,Arriving
2022-07-15,12:18:55,25SQCMICSBBCD34009649,Unknown
2022-07-15,12:18:55,25SQCMICSBBD7E60096C3,Arriving
2022-07-15,12:20:26,25SQCMICSBB6CD600963A,Arriving
2022-07-15,12:20:46,25SQCMICSBB8BC3009BE0,Departing
2022-07-15,12:23:27,25SQCMICSBBABAE009613,Unknown
2022-07-15,12:23:37,25SQCMICSBBABAE009613,Departing
2022-07-15,12:24:18,25SQCMICSBB2969009626,Departing
2022-07-15,12:24:38,25SQCMICSBBCFBB00963F,Departing
2022-07-15,12:24:58,25SQCMICSBBB770009652,Departing
2022-07-15,12:25:28,25SQCMICSBB6CD600963A,Departing
2022-07-15,12:25:28,25SQCMICSBB3121009795,Arriving
2022-07-15,12:25:38,25SQCMICSBBCD34009649,Unknown
2022-07-15,12:26:09,25SQCMICSBBB3F30096AF,Departing
2022-07-15,12:26:29,25SQCMICSBB934F0095E6,Departing
2022-07-15,12:26:39,25SQCMICSBB934F0095E6,Unknown
2022-07-15,12:27:09,25SQCMICSBB515A00977D,Arriving
2022-07-15,12:27:10,25SQCMICSBBB6620096E4,Arriving
2022-07-15,12:27:30,25SQCMICSBBF0D5009C6F,Departing
2022-07-15,12:27:30,25SQCMICSBB002E008F28,Unknown
2022-07-15,12:27:40,25SQCMICSBBF0D5009C6F,Unknown
2022-07-15,12:29:30,25SQCMICSBBF11300964A,Arriving
2022-07-15,12:29:40,25SQCMICSBB0D5200965F,Departing
2022-07-15,12:29:51,25SQCMICSBBD0F9009758,Departing
2022-07-15,12:30:20,25SQCMICSBBCD34009649,Arriving
2022-07-15,12:30:31,25SQCMICSBB8920009713,Arriving
2022-07-15,12:30:41,25SQCMICSBBB4AC009656,Arriving
2022-07-15,12:31:21,25SQCMICSBB5AE8009D0B,Unknown
2022-07-15,12:31:31,25SQCMICSBB696B009BF4,Departing
2022-07-15,12:31:42,25SQCMICSBB0262009D32,Unknown
2022-07-15,12:31:52,25SQCMICSBB0262009D32,Departing
2022-07-15,12:32:21,25SQCMICSBB3121009795,Departing
2022-07-15,12:34:02,25SQCMICSBB5604009662,Departing
2022-07-15,12:34:12,25SQCMICSBB515A00977D,Unknown
2022-07-15,12:34:22,25SQCMICSBB515A00977D,Departing
2022-07-15,12:35:43,25SQCMICSBB0D5200965F,Arriving
2022-07-15,12:35:53,25SQCMICSBB0D5200965F,Arriving
2022-07-15,12:35:53,25SQCMICSBB0CBD0095D4,Arriving
2022-07-15,12:37:04,25SQCMICSBBB6620096E4,Unknown
2022-07-15,12:37:13,25SQCMICSBBD7E60096C3,Departing
2022-07-15,12:37:14,25SQCMICSBBB6620096E4,Unknown
2022-07-15,12:37:44,25SQCMICSBBF11300964A,Departing
2022-07-15,12:38:25,25SQCMICSBB002E008F28,Arriving
2022-07-15,12:38:35,25SQCMICSBBF0D5009C6F,Departing
2022-07-15,12:39:14,25SQCMICSBB15F6009633,Arriving
2022-07-15,12:39:35,25SQCMICSBB0CBD0095D4,Departing
2022-07-15,12:39:45,25SQCMICSBBB4AC009656,Departing
2022-07-15,12:39:55,25SQCMICSBB0D5200965F,Departing
2022-07-15,12:40:45,25SQCMICSBBF443009B9D,Arriving
2022-07-15,12:41:56,25SQCMICSBB8920009713,Departing
2022-07-15,12:42:56,25SQCMICSBB6ECD009BDD,Arriving
2022-07-15,12:43:16,25SQCMICSBB14E5009763,Arriving
2022-07-15,12:44:06,25SQCMICSBB9415009734,Arriving
2022-07-15,12:44:37,25SQCMICSBB8FD5009748,Arriving
2022-07-15,12:44:57,25SQCMICSBBF443009B9D,Unknown
2022-07-15,12:45:07,25SQCMICSBBF443009B9D,Departing
2022-07-15,12:45:18,25SQCMICSBB14190095BA,Arriving
2022-07-15,12:45:27,25SQCMICSBB0D5200965F,Arriving
2022-07-15,12:45:57,25SQCMICSBBC94A0095A9,Arriving
2022-07-15,12:47:28,25SQCMICSBB99EA009D0D,Arriving
2022-07-15,12:48:38,25SQCMICSBB8FD5009748,Departing
2022-07-15,12:49:09,25SQCMICSBB6ECD009BDD,Departing
2022-07-15,12:49:19,25SQCMICSBB2BA70096B4,Arriving
2022-07-15,12:49:39,25SQCMICSBB50F1009639,Unknown
2022-07-15,12:49:49,25SQCMICSBB50F1009639,Unknown
2022-07-15,12:49:49,25SQCMICSBB0D5200965F,Departing
2022-07-15,12:50:10,25SQCMICSBB0EA2009BDE,Arriving
2022-07-15,12:50:19,25SQCMICSBB14E5009763,Departing
2022-07-15,12:50:20,25SQCMICSBB0EA2009BDE,Unknown
2022-07-15,12:51:20,25SQCMICSBBC94A0095A9,Unknown
2022-07-15,12:51:20,25SQCMICSBB002E008F28,Departing
2022-07-15,12:51:30,25SQCMICSBBC94A0095A9,Departing
2022-07-15,12:51:50,25SQCMICSBBCD34009649,Unknown
2022-07-15,12:52:20,25SQCMICSBB9415009734,Departing
2022-07-15,12:52:20,25SQCMICSBB50F1009639,Arriving
2022-07-15,12:52:20,25SQCMICSBB934F0095E6,Arriving
2022-07-15,12:53:10,25SQCMICSBB63E6009D55,Departing
2022-07-15,12:53:11,25SQCMICSBB4190009D63,Arriving
2022-07-15,12:54:22,25SQCMICSBB99EA009D0D,Departing
2022-07-15,12:54:32,25SQCMICSBB99EA009D0D,Unknown
2022-07-15,12:55:21,25SQCMICSBB2BA70096B4,Departing
2022-07-15,12:55:42,25SQCMICSBB4190009D63,Departing
2022-07-15,12:56:02,25SQCMICSBBD853003FFF,Unknown
2022-07-15,12:56:12,25SQCMICSBBD853003FFF,Arriving
2022-07-15,12:56:12,25SQCMICSBB0D5200965F,Arriving
2022-07-15,12:56:52,25SQCMICSBBB770009652,Arriving
2022-07-15,12:56:52,25SQCMICSBBA8760095FC,Arriving
2022-07-15,12:57:02,25SQCMICSBBA8760095FC,Unknown
2022-07-15,12:57:22,25SQCMICSBBCD34009649,Arriving
2022-07-15,12:57:42,25SQCMICSBB934F0095E6,Unknown
2022-07-15,12:57:52,25SQCMICSBB934F0095E6,Departing
2022-07-15,12:58:03,25SQCMICSBB0EA2009BDE,Departing
2022-07-15,12:58:23,25SQCMICSBBCFBB00963F,Arriving
2022-07-15,12:58:43,25SQCMICSBBB4AC009656,Arriving
2022-07-15,12:58:53,25SQCMICSBBB4AC009656,Arriving
2022-07-15,12:59:03,25SQCMICSBBB4AC009656,Unknown
2022-07-15,13:00:34,25SQCMICSBB15F6009633,Departing
2022-07-15,13:02:04,25SQCMICSBBA8760095FC,Unknown
2022-07-15,13:02:14,25SQCMICSBBA8760095FC,Departing
2022-07-15,13:02:15,25SQCMICSBB002E008F28,Arriving
2022-07-15,13:03:35,25SQCMICSBBCD34009649,Departing
2022-07-15,13:04:05,25SQCMICSBBB770009652,Unknown
2022-07-15,13:04:46,25SQCMICSBB71E300961F,Arriving
2022-07-15,13:06:26,25SQCMICSBBD853003FFF,Departing
2022-07-15,13:08:47,25SQCMICSBB4906009627,Unknown
2022-07-15,13:08:48,25SQCMICSBB14190095BA,Departing
2022-07-15,13:09:38,25SQCMICSBB8EBF009B92,Departing
2022-07-15,13:09:38,25SQCMICSBB6483008F10,Arriving
2022-07-15,13:09:48,25SQCMICSBB6CD600963A,Arriving
2022-07-15,13:09:48,25SQCMICSBB6483008F10,Unknown
2022-07-15,13:10:18,25SQCMICSBB527E00964F,Arriving
2022-07-15,13:10:18,25SQCMICSBB302600962E,Unknown
2022-07-15,13:10:28,25SQCMICSBB302600962E,Arriving
2022-07-15,13:10:38,25SQCMICSBBCD34009649,Arriving
2022-07-15,13:11:49,25SQCMICSBB71E300961F,Departing
2022-07-15,13:12:49,25SQCMICSBB4906009627,Departing
2022-07-15,13:13:19,25SQCMICSBB0D5200965F,Departing
2022-07-15,13:14:10,25SQCMICSBB0F9D00970B,Departing
2022-07-15,13:14:20,25SQCMICSBB302600962E,Departing
2022-07-15,13:14:20,25SQCMICSBB6CD600963A,Unknown
2022-07-15,13:16:01,25SQCMICSBB9BDD009D6F,Arriving
2022-07-15,13:16:11,25SQCMICSBB141D009655,Departing
2022-07-15,13:17:41,25SQCMICSBB0D5200965F,Arriving
2022-07-15,13:18:32,25SQCMICSBB002E008F28,Departing
2022-07-15,13:18:42,25SQCMICSBB515A00977D,Arriving
2022-07-15,13:19:12,25SQCMICSBB141D009655,Arriving
2022-07-15,13:19:32,25SQCMICSBB9BDD009D6F,Departing
2022-07-15,13:19:33,25SQCMICSBB6483008F10,Departing
2022-07-15,13:20:22,25SQCMICSBB8EBF009B92,Arriving
2022-07-15,13:20:53,25SQCMICSBB2856009CF1,Unknown
2022-07-15,13:21:23,25SQCMICSBB3AAD008E92,Arriving
2022-07-15,13:21:53,25SQCMICSBB515A00977D,Departing
2022-07-15,13:24:05,25SQCMICSBB841C008F46,Departing
2022-07-15,13:24:24,25SQCMICSBB3AAD008E92,Unknown
2022-07-15,13:24:34,25SQCMICSBB3AAD008E92,Departing
2022-07-15,13:27:56,25SQCMICSBBAD1B00976C,Arriving
2022-07-15,13:27:56,25SQCMICSBB8BC3009BE0,Unknown
2022-07-15,13:28:06,25SQCMICSBB8BC3009BE0,Arriving
2022-07-15,13:28:46,25SQCMICSBB8EBF009B92,Departing
2022-07-15,13:28:57,25SQCMICSBB002E008F28,Arriving
2022-07-15,13:30:57,25SQCMICSBB8BC3009BE0,Departing
2022-07-15,13:31:17,25SQCMICSBB934F0095E6,Arriving
2022-07-15,13:31:27,25SQCMICSBB934F0095E6,Unknown
2022-07-15,13:32:59,25SQCMICSBB841C008F46,Arriving
2022-07-15,13:33:28,25SQCMICSBBCD34009649,Unknown
2022-07-15,13:33:38,25SQCMICSBBCD34009649,Departing
2022-07-15,13:34:09,25SQCMICSBBB6620096E4,Arriving
2022-07-15,13:34:49,25SQCMICSBB002E008F28,Departing
2022-07-15,13:34:59,25SQCMICSBB4190009D63,Arriving
2022-07-15,13:36:19,25SQCMICSBBAD1B00976C,Departing
2022-07-15,13:36:50,25SQCMICSBB2BA70096B4,Arriving
2022-07-15,13:37:00,25SQCMICSBB2BA70096B4,Unknown
2022-07-15,13:37:00,25SQCMICSBB527E00964F,Departing
2022-07-15,13:37:20,25SQCMICSBB934F0095E6,Departing
2022-07-15,13:38:30,25SQCMICSBBB770009652,Arriving
2022-07-15,13:38:31,25SQCMICSBB4190009D63,Departing
2022-07-15,13:38:40,25SQCMICSBBB770009652,Unknown
2022-07-15,13:40:41,25SQCMICSBB8EBF009B92,Arriving
2022-07-15,13:40:41,25SQCMICSBB9506009664,Departing
2022-07-15,13:41:52,25SQCMICSBB8A04009621,Unknown
2022-07-15,13:42:02,25SQCMICSBB8A04009621,Unknown
2022-07-15,13:42:23,25SQCMICSBBB6620096E4,Departing
2022-07-15,13:42:43,25SQCMICSBB2856009CF1,Departing
2022-07-15,13:43:02,25SQCMICSBB2BA70096B4,Departing
2022-07-15,13:43:13,25SQCMICSBBF11300964A,Unknown
2022-07-15,13:43:23,25SQCMICSBBF11300964A,Arriving
2022-07-15,13:43:43,25SQCMICSBBB770009652,Unknown
2022-07-15,13:43:53,25SQCMICSBBB770009652,Departing
2022-07-15,13:44:03,25SQCMICSBB9506009664,Arriving
2022-07-15,13:44:03,25SQCMICSBB4C2F009678,Arriving
2022-07-15,13:44:43,25SQCMICSBB8EBF009B92,Arriving
2022-07-15,13:45:04,25SQCMICSBB002E008F28,Arriving
2022-07-15,13:45:54,25SQCMICSBBCD34009649,Arriving
2022-07-15,13:48:15,25SQCMICSBB002E008F28,Unknown
2022-07-15,13:48:25,25SQCMICSBB002E008F28,Departing
2022-07-15,13:48:35,25SQCMICSBBF11300964A,Departing
2022-07-15,13:48:55,25SQCMICSBB951200968D,Unknown
2022-07-15,13:51:27,25SQCMICSBBD0F9009758,Arriving
2022-07-15,13:51:36,25SQCMICSBB3121009795,Arriving
2022-07-15,13:52:47,25SQCMICSBB0D5200965F,Departing
2022-07-15,13:53:17,25SQCMICSBBAC0800963C,Departing
2022-07-15,13:55:08,25SQCMICSBB002E008F28,Unknown
2022-07-15,13:55:48,25SQCMICSBBAC0800963C,Unknown
2022-07-15,13:56:38,25SQCMICSBB9BDD009D6F,Arriving
2022-07-15,13:57:39,25SQCMICSBB8EBF009B92,Arriving
2022-07-15,13:57:49,25SQCMICSBB9415009734,Unknown
2022-07-15,13:57:59,25SQCMICSBB9415009734,Arriving
2022-07-15,13:58:09,25SQCMICSBB3121009795,Departing
2022-07-15,13:58:29,25SQCMICSBBC94A0095A9,Arriving
2022-07-15,13:59:20,25SQCMICSBB14E5009763,Arriving
2022-07-15,13:59:40,25SQCMICSBB951200968D,Departing
2022-07-15,13:59:50,25SQCMICSBB117400972A,Arriving
2022-07-15,14:01:20,25SQCMICSBB0D5200965F,Arriving
2022-07-15,14:03:31,25SQCMICSBB6CD600963A,Arriving
2022-07-15,14:04:12,25SQCMICSBB117400972A,Departing
2022-07-15,14:06:03,25SQCMICSBB9415009734,Departing
2022-07-15,14:06:13,25SQCMICSBB14E5009763,Departing
2022-07-15,14:06:33,25SQCMICSBB0CBD0095D4,Arriving
2022-07-15,14:07:04,25SQCMICSBB2969009626,Arriving
2022-07-15,14:07:23,25SQCMICSBBB3F30096AF,Arriving
2022-07-15,14:07:54,25SQCMICSBB002E008F28,Departing
2022-07-15,14:08:34,25SQCMICSBB0D5200965F,Departing
2022-07-15,14:08:34,25SQCMICSBB0F9D00970B,Arriving
2022-07-15,14:08:44,25SQCMICSBB0D5200965F,Unknown
2022-07-15,14:10:04,25SQCMICSBB0CBD0095D4,Unknown
2022-07-15,14:10:14,25SQCMICSBB0CBD0095D4,Departing
2022-07-15,14:10:14,25SQCMICSBBAD1B00976C,Arriving
2022-07-15,14:10:24,25SQCMICSBBC94A0095A9,Departing
2022-07-15,14:10:45,25SQCMICSBB50F1009639,Departing
2022-07-15,14:10:55,25SQCMICSBB5604009662,Arriving
2022-07-15,14:11:05,25SQCMICSBBF0D5009C6F,Arriving
2022-07-15,14:11:25,25SQCMICSBBD0F9009758,Departing
2022-07-15,14:12:15,25SQCMICSBB8EBF009B92,Departing
2022-07-15,14:12:25,25SQCMICSBB934F0095E6,Arriving
2022-07-15,14:12:26,25SQCMICSBB0EA2009BDE,Arriving
2022-07-15,14:13:26,25SQCMICSBB0D5200965F,Arriving
2022-07-15,14:13:36,25SQCMICSBBB3F30096AF,Departing
2022-07-15,14:13:46,25SQCMICSBB2969009626,Departing
2022-07-15,14:14:16,25SQCMICSBB8FD5009748,Arriving
2022-07-15,14:14:27,25SQCMICSBB5AE8009D0B,Departing
2022-07-15,14:14:46,25SQCMICSBBB4AC009656,Departing
2022-07-15,14:14:47,25SQCMICSBB0262009D32,Arriving
2022-07-15,14:15:47,25SQCMICSBBD853003FFF,Arriving
2022-07-15,14:16:47,25SQCMICSBBCD8C00965D,Unknown
2022-07-15,14:16:57,25SQCMICSBBCD8C00965D,Departing
2022-07-15,14:16:58,25SQCMICSBB0EA2009BDE,Departing
2022-07-15,14:17:27,25SQCMICSBB71E300961F,Arriving
2022-07-15,14:17:38,25SQCMICSBB73D400967D,Departing
2022-07-15,14:18:08,25SQCMICSBB934F0095E6,Unknown
2022-07-15,14:18:08,25SQCMICSBB002E008F28,Unknown
2022-07-15,14:18:18,25SQCMICSBB934F0095E6,Departing
2022-07-15,14:19:08,25SQCMICSBBCD8C00965D,Arriving
2022-07-15,14:19:18,25SQCMICSBB0D5200965F,Departing
2022-07-15,14:19:28,25SQCMICSBB0D5200965F,Departing
2022-07-15,14:20:29,25SQCMICSBB4C2F009678,Unknown
2022-07-15,14:20:49,25SQCMICSBB515A00977D,Arriving
2022-07-15,14:21:09,25SQCMICSBB5604009662,Departing
2022-07-15,14:23:00,25SQCMICSBB002E008F28,Departing
2022-07-15,14:23:20,25SQCMICSBB141D009655,Departing
2022-07-15,14:24:01,25SQCMICSBB841C008F46,Departing
2022-07-15,14:24:10,25SQCMICSBB515A00977D,Unknown
2022-07-15,14:24:10,25SQCMICSBB71E300961F,Departing
2022-07-15,14:24:20,25SQCMICSBB515A00977D,Departing
2022-07-15,14:24:51,25SQCMICSBB696B009BF4,Arriving
2022-07-15,14:25:21,25SQCMICSBB8FD5009748,Departing
2022-07-15,14:25:31,25SQCMICSBB2BA70096B4,Arriving
2022-07-15,14:25:42,25SQCMICSBB99EA009D0D,Arriving
2022-07-15,14:26:52,25SQCMICSBBAD1B00976C,Departing
2022-07-15,14:27:02,25SQCMICSBB8A04009621,Unknown
2022-07-15,14:27:12,25SQCMICSBB8A04009621,Unknown
2022-07-15,14:27:22,25SQCMICSBB8A04009621,Arriving
2022-07-15,14:28:03,25SQCMICSBB99EA009D0D,Departing
2022-07-15,14:28:12,25SQCMICSBB0D5200965F,Arriving
2022-07-15,14:28:13,25SQCMICSBB8920009713,Arriving
2022-07-15,14:28:43,25SQCMICSBB4190009D63,Arriving
2022-07-15,14:29:33,25SQCMICSBB0262009D32,Departing
2022-07-15,14:30:23,25SQCMICSBB63E6009D55,Arriving
2022-07-15,14:30:34,25SQCMICSBB34A4009737,Departing
2022-07-15,14:30:44,25SQCMICSBB34A4009737,Unknown
2022-07-15,14:31:54,25SQCMICSBB696B009BF4,Departing
2022-07-15,14:32:34,25SQCMICSBBF443009B9D,Arriving
2022-07-15,14:33:05,25SQCMICSBB34A4009737,Unknown
2022-07-15,14:33:15,25SQCMICSBB4190009D63,Departing
2022-07-15,14:33:55,25SQCMICSBB002E008F28,Arriving
2022-07-15,14:34:05,25SQCMICSBBB770009652,Unknown
2022-07-15,14:34:15,25SQCMICSBBB770009652,Unknown
2022-07-15,14:34:35,25SQCMICSBB4906009627,Arriving
2022-07-15,14:35:05,25SQCMICSBBB4AC009656,Arriving
2022-07-15,14:35:25,25SQCMICSBB527E00964F,Arriving
2022-07-15,14:35:36,25SQCMICSBB527E00964F,Arriving
2022-07-15,14:38:07,25SQCMICSBB0D5200965F,Departing
2022-07-15,14:38:37,25SQCMICSBB4906009627,Departing
2022-07-15,14:38:48,25SQCMICSBB002E008F28,Unknown
2022-07-15,14:38:58,25SQCMICSBB002E008F28,Unknown
2022-07-15,14:39:07,25SQCMICSBBD853003FFF,Departing
2022-07-15,14:40:08,25SQCMICSBBB770009652,Departing
2022-07-15,14:40:48,25SQCMICSBBABAE009613,Arriving
2022-07-15,14:41:08,25SQCMICSBBF443009B9D,Departing
2022-07-15,14:41:58,25SQCMICSBB3AAD008E92,Arriving
2022-07-15,14:42:39,25SQCMICSBB2BA70096B4,Departing
2022-07-15,14:42:39,25SQCMICSBB8BC3009BE0,Arriving
2022-07-15,14:42:49,25SQCMICSBB8BC3009BE0,Unknown
2022-07-15,14:43:19,25SQCMICSBB9BDD009D6F,Unknown
2022-07-15,14:43:29,25SQCMICSBB9BDD009D6F,Departing
2022-07-15,14:43:59,25SQCMICSBB0D5200965F,Arriving
2022-07-15,14:44:10,25SQCMICSBB8920009713,Departing
2022-07-15,14:44:40,25SQCMICSBB15F6009633,Arriving
2022-07-15,14:46:31,25SQCMICSBB6483008F10,Unknown
2022-07-15,14:48:41,25SQCMICSBB527E00964F,Unknown
2022-07-15,14:48:41,25SQCMICSBB50F1009639,Arriving
2022-07-15,14:49:52,25SQCMICSBB9BDD009D6F,Arriving
2022-07-15,14:50:02,25SQCMICSBB63E6009D55,Departing
2022-07-15,14:51:43,25SQCMICSBB6ECD009BDD,Arriving
2022-07-15,14:52:24,25SQCMICSBB6483008F10,Departing
2022-07-15,14:52:54,25SQCMICSBB002E008F28,Departing
2022-07-15,14:53:04,25SQCMICSBB002E008F28,Unknown
2022-07-15,14:55:55,25SQCMICSBB0E8E00965B,Departing
2022-07-15,14:56:35,25SQCMICSBB8BC3009BE0,Departing
2022-07-15,14:56:35,25SQCMICSBB14190095BA,Arriving
2022-07-15,14:56:45,25SQCMICSBBD4C3009657,Departing
2022-07-15,14:56:55,25SQCMICSBB302600962E,Arriving
2022-07-15,14:57:05,25SQCMICSBB6ECD009BDD,Departing
2022-07-15,14:57:26,25SQCMICSBB0E8E00965B,Arriving
2022-07-15,14:57:36,25SQCMICSBB0E8E00965B,Arriving
2022-07-15,14:58:36,25SQCMICSBB3AAD008E92,Departing
2022-07-15,14:58:36,25SQCMICSBB4A230096D3,Departing
2022-07-15,14:59:16,25SQCMICSBBD4C3009657,Arriving
2022-07-15,14:59:26,25SQCMICSBBD4C3009657,Arriving
2022-07-15,14:59:46,25SQCMICSBBD4C3009657,Unknown
2022-07-15,14:59:56,25SQCMICSBBD4C3009657,Unknown
2022-07-15,15:00:27,25SQCMICSBBD4C3009657,Unknown
2022-07-15,15:00:27,25SQCMICSBB002E008F28,Departing
2022-07-15,15:00:37,25SQCMICSBBD4C3009657,Arriving
2022-07-15,15:01:58,25SQCMICSBB34A4009737,Unknown
2022-07-15,15:02:07,25SQCMICSBB8A04009621,Departing
2022-07-15,15:02:08,25SQCMICSBB34A4009737,Departing
2022-07-15,15:02:38,25SQCMICSBB50F1009639,Departing
2022-07-15,15:06:00,25SQCMICSBBF0D5009C6F,Unknown
2022-07-15,15:06:29,25SQCMICSBBAD1B00976C,Unknown
2022-07-15,15:06:39,25SQCMICSBBAD1B00976C,Arriving
2022-07-15,15:06:49,25SQCMICSBBAD1B00976C,Unknown
2022-07-15,15:06:49,25SQCMICSBBC94A0095A9,Arriving
2022-07-15,15:08:11,25SQCMICSBB002E008F28,Arriving
2022-07-15,15:09:10,25SQCMICSBB9BDD009D6F,Departing
2022-07-15,15:09:21,25SQCMICSBB9415009734,Arriving
2022-07-15,15:09:41,25SQCMICSBBAC0800963C,Departing
2022-07-15,15:10:51,25SQCMICSBB302600962E,Departing
2022-07-15,15:11:01,25SQCMICSBB6CD600963A,Unknown
2022-07-15,15:11:11,25SQCMICSBB6CD600963A,Arriving
2022-07-15,15:11:42,25SQCMICSBB73D400967D,Arriving
2022-07-15,15:11:42,25SQCMICSBB34A4009737,Arriving
2022-07-15,15:11:52,25SQCMICSBB34A4009737,Departing
2022-07-15,15:12:02,25SQCMICSBB34A4009737,Arriving
2022-07-15,15:12:12,25SQCMICSBBC94A0095A9,Unknown
2022-07-15,15:13:03,25SQCMICSBB8920009713,Arriving
2022-07-15,15:13:12,25SQCMICSBBCD8C00965D,Unknown
2022-07-15,15:13:22,25SQCMICSBBCD8C00965D,Departing
2022-07-15,15:14:13,25SQCMICSBBAC0800963C,Unknown
2022-07-15,15:14:23,25SQCMICSBBAC0800963C,Arriving
2022-07-15,15:15:13,25SQCMICSBB14E5009763,Unknown
2022-07-15,15:15:23,25SQCMICSBB14E5009763,Arriving
2022-07-15,15:15:34,25SQCMICSBB002E008F28,Departing
2022-07-15,15:16:44,25SQCMICSBB117400972A,Arriving
2022-07-15,15:17:25,25SQCMICSBB8920009713,Departing
2022-07-15,15:17:44,25SQCMICSBBF11300964A,Arriving
2022-07-15,15:17:45,25SQCMICSBB4190009D63,Arriving
2022-07-15,15:19:15,25SQCMICSBB6CD600963A,Departing
2022-07-15,15:19:15,25SQCMICSBB34A4009737,Departing
2022-07-15,15:19:26,25SQCMICSBBF0D5009C6F,Departing
2022-07-15,15:19:35,25SQCMICSBB934F0095E6,Departing
2022-07-15,15:19:55,25SQCMICSBB934F0095E6,Arriving
2022-07-15,15:20:25,25SQCMICSBB367F00968C,Departing
2022-07-15,15:20:46,25SQCMICSBB50B00096DD,Departing
2022-07-15,15:21:16,25SQCMICSBBD0F9009758,Unknown
2022-07-15,15:21:26,25SQCMICSBB9415009734,Departing
2022-07-15,15:21:26,25SQCMICSBBD0F9009758,Arriving
2022-07-15,15:22:17,25SQCMICSBB2856009CF1,Arriving
2022-07-15,15:22:26,25SQCMICSBB367F00968C,Arriving
2022-07-15,15:22:36,25SQCMICSBB367F00968C,Unknown
2022-07-15,15:22:47,25SQCMICSBB50B00096DD,Arriving
2022-07-15,15:22:57,25SQCMICSBB15F6009633,Arriving
2022-07-15,15:23:17,25SQCMICSBB4190009D63,Departing
2022-07-15,15:23:47,25SQCMICSBB14E5009763,Departing
2022-07-15,15:24:48,25SQCMICSBB002E008F28,Arriving
2022-07-15,15:26:08,25SQCMICSBBCD8C00965D,Departing
2022-07-15,15:26:18,25SQCMICSBBCD8C00965D,Unknown
2022-07-15,15:26:18,25SQCMICSBBF11300964A,Departing
2022-07-15,15:26:19,25SQCMICSBB841C008F46,Arriving
2022-07-15,15:27:49,25SQCMICSBB117400972A,Departing
2022-07-15,15:28:19,25SQCMICSBBB3F30096AF,Departing
2022-07-15,15:28:29,25SQCMICSBB0CBD0095D4,Arriving
2022-07-15,15:28:29,25SQCMICSBBB3F30096AF,Unknown
2022-07-15,15:28:39,25SQCMICSBBB3F30096AF,Arriving
2022-07-15,15:28:59,25SQCMICSBB934F0095E6,Departing
2022-07-15,15:29:50,25SQCMICSBB71E300961F,Arriving
2022-07-15,15:30:00,25SQCMICSBB515A00977D,Arriving
2022-07-15,15:30:40,25SQCMICSBB2BA70096B4,Arriving
2022-07-15,15:31:31,25SQCMICSBB841C008F46,Departing
2022-07-15,15:31:51,25SQCMICSBB0CBD0095D4,Departing
2022-07-15,15:32:11,25SQCMICSBB8EBF009B92,Arriving
2022-07-15,15:32:21,25SQCMICSBB002E008F28,Departing
2022-07-15,15:33:01,25SQCMICSBB515A00977D,Departing
2022-07-15,15:33:01,25SQCMICSBB8FD5009748,Arriving
2022-07-15,15:34:32,25SQCMICSBB3121009795,Arriving
2022-07-15,15:34:42,25SQCMICSBB71E300961F,Departing
2022-07-15,15:35:02,25SQCMICSBB30DF0096DE,Unknown
2022-07-15,15:36:13,25SQCMICSBB34A4009737,Arriving
2022-07-15,15:36:33,25SQCMICSBB141D009655,Arriving
2022-07-15,15:38:13,25SQCMICSBBB3F30096AF,Departing
2022-07-15,15:38:13,25SQCMICSBB8EBF009B92,Departing
2022-07-15,15:39:34,25SQCMICSBB951200968D,Arriving
2022-07-15,15:40:14,25SQCMICSBB3121009795,Departing
2022-07-15,15:40:35,25SQCMICSBB6FF200970C,Unknown
2022-07-15,15:40:45,25SQCMICSBB6FF200970C,Arriving
2022-07-15,15:40:45,25SQCMICSBB34A4009737,Departing
2022-07-15,15:41:55,25SQCMICSBB141D009655,Departing
2022-07-15,15:42:46,25SQCMICSBB002E008F28,Arriving
2022-07-15,15:43:05,25SQCMICSBBD853003FFF,Departing
2022-07-15,15:43:15,25SQCMICSBBD853003FFF,Arriving
2022-07-15,15:43:15,25SQCMICSBB50F1009639,Arriving
2022-07-15,15:44:16,25SQCMICSBB2BA70096B4,Departing
2022-07-15,15:44:26,25SQCMICSBBB5BF009706,Departing
2022-07-15,15:45:07,25SQCMICSBBB6620096E4,Arriving
2022-07-15,15:45:36,25SQCMICSBB9BDD009D6F,Arriving
2022-07-15,15:45:47,25SQCMICSBB9BDD009D6F,Unknown
2022-07-15,15:45:47,25SQCMICSBB8FD5009748,Unknown
2022-07-15,15:45:57,25SQCMICSBB8FD5009748,Unknown
2022-07-15,15:46:07,25SQCMICSBB0EA2009BDE,Arriving
2022-07-15,15:46:17,25SQCMICSBB0EA2009BDE,Unknown
2022-07-15,15:46:47,25SQCMICSBB951200968D,Departing
2022-07-15,15:46:58,25SQCMICSBBB5BF009706,Arriving
2022-07-15,15:47:08,25SQCMICSBBB5BF009706,Unknown
2022-07-15,15:47:08,25SQCMICSBBCC27009719,Departing
2022-07-15,15:49:19,25SQCMICSBB2856009CF1,Departing
2022-07-15,15:49:59,25SQCMICSBBCC27009719,Arriving
2022-07-15,15:51:09,25SQCMICSBBB6620096E4,Unknown
2022-07-15,15:51:19,25SQCMICSBBB6620096E4,Departing
2022-07-15,15:53:20,25SQCMICSBB527E00964F,Unknown
2022-07-15,15:53:30,25SQCMICSBB527E00964F,Arriving
2022-07-15,15:54:11,25SQCMICSBB34A4009737,Unknown
2022-07-15,15:54:21,25SQCMICSBB34A4009737,Arriving
2022-07-15,15:55:11,25SQCMICSBBD0F9009758,Unknown
2022-07-15,15:56:32,25SQCMICSBB0EA2009BDE,Unknown
2022-07-15,15:57:22,25SQCMICSBB0EA2009BDE,Departing
2022-07-15,15:57:32,25SQCMICSBB34A4009737,Departing
2022-07-15,15:58:43,25SQCMICSBB002E008F28,Departing
2022-07-15,15:59:32,25SQCMICSBBAD1B00976C,Unknown
2022-07-15,15:59:42,25SQCMICSBBAD1B00976C,Departing
2022-07-15,16:00:23,25SQCMICSBBB770009652,Arriving
2022-07-15,16:00:53,25SQCMICSBBD853003FFF,Departing
2022-07-15,16:01:04,25SQCMICSBB30670096E8,Departing
2022-07-15,16:04:05,25SQCMICSBB4190009D63,Arriving
2022-07-15,16:04:15,25SQCMICSBB30670096E8,Arriving
2022-07-15,16:04:24,25SQCMICSBB73D400967D,Departing
2022-07-15,16:06:56,25SQCMICSBB5604009662,Arriving
2022-07-15,16:07:36,25SQCMICSBB8BC3009BE0,Arriving
2022-07-15,16:08:27,25SQCMICSBB002E008F28,Arriving
2022-07-15,16:09:47,25SQCMICSBBB5BE0096E0,Departing
2022-07-15,16:09:57,25SQCMICSBBB5BE0096E0,Arriving
2022-07-15,16:10:17,25SQCMICSBB302600962E,Departing
2022-07-15,16:10:27,25SQCMICSBB302600962E,Unknown
2022-07-15,16:10:27,25SQCMICSBB4906009627,Arriving
2022-07-15,16:10:47,25SQCMICSBB302600962E,Arriving
2022-07-15,16:11:58,25SQCMICSBB002E008F28,Unknown
2022-07-15,16:12:38,25SQCMICSBB527E00964F,Departing
2022-07-15,16:13:18,25SQCMICSBBD71F009653,Departing
2022-07-15,16:13:28,25SQCMICSBB8BC3009BE0,Departing
2022-07-15,16:13:29,25SQCMICSBB4190009D63,Unknown
2022-07-15,16:16:20,25SQCMICSBB34A4009737,Arriving
2022-07-15,16:17:21,25SQCMICSBB99EA009D0D,Arriving
2022-07-15,16:17:30,25SQCMICSBB8FD5009748,Arriving
2022-07-15,16:17:40,25SQCMICSBB9BDD009D6F,Departing
2022-07-15,16:17:51,25SQCMICSBB6483008F10,Arriving
2022-07-15,16:18:21,25SQCMICSBB4906009627,Unknown
2022-07-15,16:18:31,25SQCMICSBB4906009627,Departing
2022-07-15,16:18:31,25SQCMICSBB34A4009737,Departing
2022-07-15,16:20:01,25SQCMICSBB696B009BF4,Arriving
2022-07-15,16:20:02,25SQCMICSBB0262009D32,Arriving
2022-07-15,16:21:33,25SQCMICSBB0F9D00970B,Departing
2022-07-15,16:21:33,25SQCMICSBB002E008F28,Unknown
2022-07-15,16:21:43,25SQCMICSBB99EA009D0D,Departing
2022-07-15,16:22:53,25SQCMICSBB9506009664,Departing
2022-07-15,16:24:04,25SQCMICSBB6483008F10,Departing
2022-07-15,16:24:13,25SQCMICSBB736C009669,Unknown
2022-07-15,16:24:14,25SQCMICSBB002E008F28,Departing
2022-07-15,16:25:54,25SQCMICSBB31CD00964C,Departing
2022-07-15,16:26:04,25SQCMICSBB736C009669,Unknown
2022-07-15,16:26:44,25SQCMICSBB736C009669,Unknown
2022-07-15,16:26:55,25SQCMICSBB0262009D32,Departing
2022-07-15,16:27:04,25SQCMICSBB3AAD008E92,Unknown
2022-07-15,16:27:35,25SQCMICSBB736C009669,Arriving
2022-07-15,16:27:45,25SQCMICSBB736C009669,Arriving
2022-07-15,16:27:45,25SQCMICSBBC94A0095A9,Arriving
2022-07-15,16:28:25,25SQCMICSBB31CD00964C,Arriving
2022-07-15,16:28:35,25SQCMICSBB31CD00964C,Unknown
2022-07-15,16:28:45,25SQCMICSBB9415009734,Arriving
2022-07-15,16:30:36,25SQCMICSBB696B009BF4,Departing
2022-07-15,16:31:36,25SQCMICSBBF569009665,Departing
2022-07-15,16:31:46,25SQCMICSBB6CD600963A,Unknown
2022-07-15,16:31:57,25SQCMICSBB6CD600963A,Arriving
2022-07-15,16:32:17,25SQCMICSBBC94A0095A9,Departing
2022-07-15,16:33:08,25SQCMICSBB002E008F28,Arriving
2022-07-15,16:33:47,25SQCMICSBBD7E60096C3,Arriving
2022-07-15,16:33:47,25SQCMICSBBF569009665,Arriving
2022-07-15,16:33:58,25SQCMICSBBF569009665,Unknown
2022-07-15,16:34:08,25SQCMICSBB34A4009737,Arriving
2022-07-15,16:35:59,25SQCMICSBB002E008F28,Departing
2022-07-15,16:36:09,25SQCMICSBB34A4009737,Departing
2022-07-15,16:37:30,25SQCMICSBB117400972A,Arriving
2022-07-15,16:37:40,25SQCMICSBB117400972A,Unknown
2022-07-15,16:39:30,25SQCMICSBB4C2F009678,Departing
2022-07-15,16:39:50,25SQCMICSBB4C2F009678,Unknown
2022-07-15,16:40:10,25SQCMICSBB8A04009621,Unknown
2022-07-15,16:40:41,25SQCMICSBBB5BE0096E0,Departing
2022-07-15,16:40:51,25SQCMICSBBB5BE0096E0,Departing
2022-07-15,16:41:01,25SQCMICSBB4C2F009678,Arriving
2022-07-15,16:41:41,25SQCMICSBB9415009734,Departing
2022-07-15,16:43:42,25SQCMICSBB2BA70096B4,Arriving
2022-07-15,16:45:43,25SQCMICSBB9506009664,Arriving
2022-07-15,16:46:23,25SQCMICSBB9BDD009D6F,Arriving
2022-07-15,16:46:33,25SQCMICSBB9BDD009D6F,Unknown
2022-07-15,16:46:53,25SQCMICSBB6CD600963A,Unknown
2022-07-15,16:47:03,25SQCMICSBB6CD600963A,Departing
2022-07-15,16:47:44,25SQCMICSBB002E008F28,Arriving
2022-07-15,16:50:05,25SQCMICSBB34A4009737,Arriving
2022-07-15,16:50:15,25SQCMICSBB71E300961F,Arriving
2022-07-15,16:50:15,25SQCMICSBB34A4009737,Unknown
2022-07-15,16:50:25,25SQCMICSBB71E300961F,Unknown
2022-07-15,16:50:25,25SQCMICSBBD7E60096C3,Unknown
2022-07-15,16:50:35,25SQCMICSBBD7E60096C3,Departing
2022-07-15,16:50:45,25SQCMICSBB515A00977D,Arriving
2022-07-15,16:52:36,25SQCMICSBB4190009D63,Arriving
2022-07-15,16:53:06,25SQCMICSBB4A230096D3,Unknown
2022-07-15,16:53:16,25SQCMICSBB841C008F46,Arriving
2022-07-15,16:54:06,25SQCMICSBBB4AC009656,Unknown
2022-07-15,16:54:37,25SQCMICSBB2969009626,Arriving
2022-07-15,16:57:28,25SQCMICSBBF443009B9D,Arriving
2022-07-15,16:58:08,25SQCMICSBB71E300961F,Departing
2022-07-15,16:58:18,25SQCMICSBB6ECD009BDD,Arriving
2022-07-15,16:59:49,25SQCMICSBBCD8C00965D,Departing
2022-07-15,17:00:29,25SQCMICSBB2969009626,Departing
2022-07-15,17:01:10,25SQCMICSBB002E008F28,Departing
2022-07-15,17:01:30,25SQCMICSBB4190009D63,Departing
2022-07-15,17:02:10,25SQCMICSBBF443009B9D,Departing
2022-07-15,17:03:00,25SQCMICSBB14E5009763,Arriving
2022-07-15,17:03:30,25SQCMICSBB6ECD009BDD,Departing
2022-07-15,17:03:50,25SQCMICSBBCD8C00965D,Arriving
2022-07-15,17:04:11,25SQCMICSBBB4AC009656,Arriving
2022-07-15,17:04:21,25SQCMICSBB8920009713,Arriving
2022-07-15,17:06:22,25SQCMICSBBD853003FFF,Unknown
2022-07-15,17:06:32,25SQCMICSBBD853003FFF,Arriving
2022-07-15,17:06:32,25SQCMICSBB15F6009633,Arriving
2022-07-15,17:07:12,25SQCMICSBB0CBD0095D4,Arriving
2022-07-15,17:10:13,25SQCMICSBB14E5009763,Departing
2022-07-15,17:11:04,25SQCMICSBB002E008F28,Unknown
2022-07-15,17:11:45,25SQCMICSBB6483008F10,Arriving
2022-07-15,17:12:54,25SQCMICSBB31CD00964C,Unknown
2022-07-15,17:13:35,25SQCMICSBB31CD00964C,Arriving
2022-07-15,17:14:35,25SQCMICSBB0CBD0095D4,Departing
2022-07-15,17:15:16,25SQCMICSBBF0D5009C6F,Unknown
2022-07-15,17:15:26,25SQCMICSBB934F0095E6,Arriving
2022-07-15,17:15:26,25SQCMICSBBF0D5009C6F,Arriving
2022-07-15,17:15:36,25SQCMICSBB934F0095E6,Unknown
2022-07-15,17:16:57,25SQCMICSBB002E008F28,Departing
2022-07-15,17:18:07,25SQCMICSBB8BC3009BE0,Arriving
2022-07-15,17:18:07,25SQCMICSBB2969009626,Arriving
2022-07-15,17:18:27,25SQCMICSBB73D400967D,Unknown
2022-07-15,17:18:37,25SQCMICSBB73D400967D,Arriving
2022-07-15,17:19:37,25SQCMICSBB527E00964F,Arriving
2022-07-15,17:19:47,25SQCMICSBB527E00964F,Departing
2022-07-15,17:19:58,25SQCMICSBB527E00964F,Arriving
2022-07-15,17:20:48,25SQCMICSBBB4AC009656,Unknown
2022-07-15,17:20:58,25SQCMICSBBB4AC009656,Departing
2022-07-15,17:23:49,25SQCMICSBB951200968D,Arriving
2022-07-15,17:23:50,25SQCMICSBBD0F9009758,Arriving
2022-07-15,17:24:09,25SQCMICSBBF11300964A,Arriving
2022-07-15,17:24:09,25SQCMICSBBD853003FFF,Departing
2022-07-15,17:24:30,25SQCMICSBB002E008F28,Arriving
2022-07-15,17:24:50,25SQCMICSBB6483008F10,Departing
2022-07-15,17:26:10,25SQCMICSBB9415009734,Arriving
2022-07-15,17:26:51,25SQCMICSBBCFBB00963F,Departing
2022-07-15,17:27:01,25SQCMICSBB8BC3009BE0,Unknown
2022-07-15,17:27:31,25SQCMICSBB002E008F28,Departing
2022-07-15,17:28:01,25SQCMICSBB141D009655,Unknown
2022-07-15,17:29:22,25SQCMICSBB934F0095E6,Departing
2022-07-15,17:30:13,25SQCMICSBB8920009713,Unknown
2022-07-15,17:30:22,25SQCMICSBB63E6009D55,Arriving
2022-07-15,17:30:23,25SQCMICSBB8920009713,Departing
2022-07-15,17:31:43,25SQCMICSBB2BA70096B4,Departing
2022-07-15,17:31:53,25SQCMICSBB2BA70096B4,Unknown
2022-07-15,17:32:33,25SQCMICSBB951200968D,Departing
2022-07-15,17:35:24,25SQCMICSBBB3F30096AF,Arriving
2022-07-15,17:36:45,25SQCMICSBB2856009CF1,Arriving
2022-07-15,17:37:05,25SQCMICSBB002E008F28,Arriving
2022-07-15,17:39:26,25SQCMICSBB4906009627,Arriving
2022-07-15,17:40:06,25SQCMICSBBAD1B00976C,Arriving
2022-07-15,17:40:26,25SQCMICSBBB4AC009656,Arriving
2022-07-15,17:40:36,25SQCMICSBBB4AC009656,Unknown
2022-07-15,17:41:47,25SQCMICSBB8EBF009B92,Arriving
2022-07-15,17:41:47,25SQCMICSBBD0F9009758,Departing
2022-07-15,17:42:48,25SQCMICSBB0F9D00970B,Arriving
2022-07-15,17:44:49,25SQCMICSBB0EA2009BDE,Unknown
2022-07-15,17:44:58,25SQCMICSBB15F6009633,Departing
2022-07-15,17:45:49,25SQCMICSBBF11300964A,Departing
2022-07-15,17:46:29,25SQCMICSBB99EA009D0D,Arriving
2022-07-15,17:47:20,25SQCMICSBB002E008F28,Unknown
2022-07-15,17:47:20,25SQCMICSBB8920009713,Arriving
2022-07-15,17:50:01,25SQCMICSBBB3F30096AF,Departing
2022-07-15,17:51:21,25SQCMICSBBB4AC009656,Departing
2022-07-15,17:51:41,25SQCMICSBB6CD600963A,Arriving
2022-07-15,17:56:14,25SQCMICSBB4190009D63,Arriving
2022-07-15,17:56:23,25SQCMICSBB3121009795,Arriving
2022-07-15,17:56:24,25SQCMICSBB4190009D63,Unknown
2022-07-15,17:56:33,25SQCMICSBBC94A0095A9,Arriving
2022-07-15,17:56:53,25SQCMICSBB9BDD009D6F,Departing
2022-07-15,17:56:54,25SQCMICSBB002E008F28,Arriving
2022-07-15,17:59:45,25SQCMICSBB4906009627,Departing
2022-07-15,18:01:06,25SQCMICSBB0262009D32,Arriving
2022-07-15,18:02:16,25SQCMICSBB9BDD009D6F,Unknown
2022-07-15,18:02:26,25SQCMICSBB9BDD009D6F,Arriving
2022-07-15,18:03:17,25SQCMICSBB002E008F28,Departing
2022-07-15,18:05:07,25SQCMICSBB696B009BF4,Unknown
2022-07-15,18:05:37,25SQCMICSBBCFBB00963F,Arriving
2022-07-15,18:05:58,25SQCMICSBB0F9D00970B,Departing
2022-07-15,18:07:39,25SQCMICSBB4190009D63,Departing
2022-07-15,18:08:08,25SQCMICSBB71E300961F,Arriving
2022-07-15,18:09:49,25SQCMICSBBAD1B00976C,Unknown
2022-07-15,18:09:59,25SQCMICSBBAD1B00976C,Unknown
2022-07-15,18:09:59,25SQCMICSBBB4AC009656,Arriving
2022-07-15,18:10:30,25SQCMICSBB6483008F10,Arriving
2022-07-15,18:11:10,25SQCMICSBB99EA009D0D,Unknown
2022-07-15,18:11:20,25SQCMICSBB99EA009D0D,Departing
2022-07-15,18:13:11,25SQCMICSBB002E008F28,Arriving
2022-07-15,18:13:31,25SQCMICSBBB6620096E4,Arriving
2022-07-15,18:13:41,25SQCMICSBB367F00968C,Unknown
2022-07-15,18:13:51,25SQCMICSBB367F00968C,Unknown
2022-07-15,18:13:51,25SQCMICSBB4906009627,Arriving
2022-07-15,18:15:11,25SQCMICSBBCD34009649,Departing
2022-07-15,18:15:12,25SQCMICSBB2856009CF1,Unknown
2022-07-15,18:16:12,25SQCMICSBBD853003FFF,Arriving
2022-07-15,18:16:32,25SQCMICSBBCD34009649,Arriving
2022-07-15,18:16:42,25SQCMICSBBCD34009649,Arriving
2022-07-15,18:18:03,25SQCMICSBB002E008F28,Unknown
2022-07-15,18:21:14,25SQCMICSBB2BA70096B4,Arriving
2022-07-15,18:24:56,25SQCMICSBBB6620096E4,Departing
2022-07-15,18:26:47,25SQCMICSBB002E008F28,Unknown
2022-07-15,18:27:27,25SQCMICSBB3AAD008E92,Arriving
2022-07-15,18:27:57,25SQCMICSBBCFBB00963F,Unknown
2022-07-15,18:32:39,25SQCMICSBB6ECD009BDD,Arriving
2022-07-15,18:33:50,25SQCMICSBB14E5009763,Unknown
2022-07-15,18:35:01,25SQCMICSBB002E008F28,Unknown
2022-07-15,18:35:10,25SQCMICSBB0CBD0095D4,Arriving
2022-07-15,18:37:41,25SQCMICSBB5604009662,Unknown
2022-07-15,18:38:01,25SQCMICSBB367F00968C,Unknown
2022-07-15,18:38:11,25SQCMICSBB367F00968C,Unknown
2022-07-15,18:39:12,25SQCMICSBB0F9D00970B,Arriving
2022-07-15,18:41:54,25SQCMICSBB002E008F28,Arriving
2022-07-15,18:43:14,25SQCMICSBB8BC3009BE0,Arriving
2022-07-15,18:45:25,25SQCMICSBBB4AC009656,Departing
2022-07-15,18:46:05,25SQCMICSBB909700962F,Departing
2022-07-15,18:46:05,25SQCMICSBB002E008F28,Unknown
2022-07-15,18:46:16,25SQCMICSBB002E008F28,Departing
2022-07-15,18:46:55,25SQCMICSBB909700962F,Unknown
2022-07-15,18:51:57,25SQCMICSBB15F6009633,Arriving
2022-07-15,18:52:48,25SQCMICSBBF11300964A,Unknown
2022-07-15,18:52:58,25SQCMICSBBF11300964A,Arriving
2022-07-15,18:53:08,25SQCMICSBB367F00968C,Unknown
2022-07-15,18:54:39,25SQCMICSBB002E008F28,Arriving
2022-07-15,18:55:39,25SQCMICSBBB547009630,Departing
2022-07-15,18:56:20,25SQCMICSBB4190009D63,Arriving
2022-07-15,18:56:30,25SQCMICSBB4190009D63,Unknown
2022-07-15,18:59:31,25SQCMICSBB002E008F28,Departing
2022-07-15,19:01:01,25SQCMICSBB934F0095E6,Arriving
2022-07-15,19:02:22,25SQCMICSBB99EA009D0D,Arriving
2022-07-15,19:03:53,25SQCMICSBBB3F30096AF,Arriving
2022-07-15,19:03:53,25SQCMICSBBB4AC009656,Arriving
2022-07-15,19:08:15,25SQCMICSBB002E008F28,Arriving
2022-07-15,19:11:46,25SQCMICSBB002E008F28,Departing
2022-07-15,19:13:07,25SQCMICSBBB547009630,Unknown
2022-07-15,19:13:17,25SQCMICSBBB547009630,Arriving
2022-07-15,19:15:58,25SQCMICSBBAD1B00976C,Arriving
2022-07-15,19:16:38,25SQCMICSBBCFBB00963F,Arriving
2022-07-15,19:22:51,25SQCMICSBB002E008F28,Arriving
2022-07-15,19:25:32,25SQCMICSBB14E5009763,Departing
2022-07-15,19:26:52,25SQCMICSBB14E5009763,Arriving
2022-07-15,19:29:34,25SQCMICSBBB6620096E4,Departing
2022-07-15,19:29:44,25SQCMICSBBB6620096E4,Arriving
2022-07-15,19:29:54,25SQCMICSBBB6620096E4,Unknown
2022-07-15,19:36:07,25SQCMICSBB002E008F28,Departing
2022-07-15,19:36:47,25SQCMICSBB002E008F28,Arriving
2022-07-15,19:49:42,25SQCMICSBB5604009662,Arriving
2022-07-15,19:55:55,25SQCMICSBBD0F9009758,Arriving
2022-07-15,19:56:06,25SQCMICSBBD0F9009758,Unknown
2022-07-15,20:32:20,25SQCMICSBB31CD00964C,Arriving
2022-07-15,20:32:30,25SQCMICSBB31CD00964C,Unknown
2022-07-15,22:47:27,25SQCMICSBBCD34009649,Unknown
2022-07-15,22:47:37,25SQCMICSBBCD34009649,Departing
2022-07-15,22:54:40,25SQCMICSBBCD34009649,Unknown
2022-07-15,22:54:51,25SQCMICSBBCD34009649,Arriving
2022-07-15,22:55:01,25SQCMICSBBCD34009649,Arriving
2022-07-15,22:55:11,25SQCMICSBBCD34009649,Unknown
2022-07-15,22:55:21,25SQCMICSBBCD34009649,Unknown
2022-07-15,22:55:31,25SQCMICSBBCD34009649,Unknown
2022-07-15,22:55:41,25SQCMICSBBCD34009649,Unknown
2022-07-15,22:55:51,25SQCMICSBBCD34009649,Unknown
2022-07-15,22:56:01,25SQCMICSBBCD34009649,Unknown
2022-07-15,22:56:11,25SQCMICSBBCD34009649,Unknown
2022-07-15,22:56:21,25SQCMICSBBCD34009649,Unknown
2022-07-15,22:56:31,25SQCMICSBBCD34009649,Unknown
2022-07-15,22:56:41,25SQCMICSBBCD34009649,Unknown
2022-07-15,22:56:52,25SQCMICSBBCD34009649,Unknown
2022-07-15,22:57:02,25SQCMICSBBCD34009649,Unknown
2022-07-15,23:28:46,25SQCMICSBB0EA2009BDE,Unknown
2022-07-15,23:28:56,25SQCMICSBB0EA2009BDE,Unknown
2022-07-15,23:29:16,25SQCMICSBB0EA2009BDE,Unknown
