File Creation Time UTC,2023-03-17 03:23:29
SW Name,iID®DataCaptureSoftware
SW Version,v01.09
SW BuildDate,2020-04-07
SW StartTime,2023-03-17 01:23:20
Lib Version,v1.6.3
Company,Micro-Sensys GmbH
OS Version,v10.0.17763.865


Settings
,Scan mode,DOC
,FilterDuplicates
,,Enabled,YES
,,TimeToFilter_Seconds,5

Found Hardware
,Address,ReaderID,HW-Info,FW-Info,Num-Antennas
,0x01,25SQCMICSCB030EB4
,0x10,200330,D0.22,98.26.06,2
,0x11,200578,D0.22,98.26.0D,2
,0x13,200328,D0.22,98.26.06,2
,0x1F,200443,D0.22,98.26.0D,2


Timestamp,HexAddress,ReaderID,UID,Collection,DataType,Ant. Number,Temp(°C)
2023-03-16 20:23:17.482,13,200328,25SQCMICSBB9B0800901A,,DOC,2,-
2023-03-16 20:26:10.592,13,200328,25SQCMICSBB9B0800901A,,DOC,2,-
2023-03-16 20:26:16.467,13,200328,25SQCMICSBB9B0800901A,,DOC,2,-
2023-03-16 20:26:21.654,13,200328,25SQCMICSBB9B0800901A,,DOC,2,-
2023-03-16 20:26:25.123,13,200328,25SQCMICSBB9B0800901A,,DOC,1,-
2023-03-16 20:26:25.123,13,200328,25SQCMICSBB9B0800901A,,DOC,2,-
2023-03-16 20:26:25.998,13,200328,25SQCMICSBB9B0800901A,,DOC,1,-
2023-03-16 20:26:27.326,13,200328,25SQCMICSBB9B0800901A,,DOC,2,-
2023-03-16 20:26:27.779,13,200328,25SQCMICSBB9B0800901A,,DOC,1,-
2023-03-16 20:26:27.779,13,200328,25SQCMICSBB9B0800901A,,DOC,2,-
2023-03-16 20:26:28.217,13,200328,25SQCMICSBB9B0800901A,,DOC,1,-
2023-03-16 20:26:28.217,13,200328,25SQCMICSBB9B0800901A,,DOC,2,-
2023-03-16 20:26:28.670,13,200328,25SQCMICSBB9B0800901A,,DOC,1,-
2023-03-16 20:26:28.670,13,200328,25SQCMICSBB9B0800901A,,DOC,2,-
2023-03-16 20:26:29.092,13,200328,25SQCMICSBB9B0800901A,,DOC,1,-
2023-03-16 20:26:29.092,13,200328,25SQCMICSBB9B0800901A,,DOC,2,-
2023-03-16 20:26:29.560,13,200328,25SQCMICSBB9B0800901A,,DOC,1,-
2023-03-16 20:26:29.560,13,200328,25SQCMICSBB9B0800901A,,DOC,2,-
2023-03-16 20:26:29.982,13,200328,25SQCMICSBB9B0800901A,,DOC,1,-
2023-03-16 20:26:29.982,13,200328,25SQCMICSBB9B0800901A,,DOC,2,-
2023-03-16 20:26:30.873,13,200328,25SQCMICSBB9B0800901A,,DOC,1,-
2023-03-16 20:26:30.873,13,200328,25SQCMICSBB9B0800901A,,DOC,2,-
2023-03-16 20:26:31.310,13,200328,25SQCMICSBB9B0800901A,,DOC,1,-
2023-03-16 20:26:31.310,13,200328,25SQCMICSBB9B0800901A,,DOC,2,-
2023-03-16 20:26:31.748,13,200328,25SQCMICSBB9B0800901A,,DOC,1,-
2023-03-16 20:26:31.748,13,200328,25SQCMICSBB9B0800901A,,DOC,2,-
2023-03-16 20:26:32.201,13,200328,25SQCMICSBB9B0800901A,,DOC,1,-
2023-03-16 20:26:32.201,13,200328,25SQCMICSBB9B0800901A,,DOC,2,-
2023-03-16 20:26:32.654,13,200328,25SQCMICSBB9B0800901A,,DOC,1,-
2023-03-16 20:26:32.654,13,200328,25SQCMICSBB9B0800901A,,DOC,2,-
2023-03-16 20:26:33.107,13,200328,25SQCMICSBB9B0800901A,,DOC,1,-
2023-03-16 20:26:33.107,13,200328,25SQCMICSBB9B0800901A,,DOC,2,-
2023-03-16 20:26:33.545,13,200328,25SQCMICSBB9B0800901A,,DOC,1,-
2023-03-16 20:26:33.545,13,200328,25SQCMICSBB9B0800901A,,DOC,2,-
2023-03-16 20:26:33.998,13,200328,25SQCMICSBB9B0800901A,,DOC,1,-
2023-03-16 20:26:33.998,13,200328,25SQCMICSBB9B0800901A,,DOC,2,-
2023-03-16 20:26:34.451,13,200328,25SQCMICSBB9B0800901A,,DOC,1,-
2023-03-16 20:26:34.451,13,200328,25SQCMICSBB9B0800901A,,DOC,2,-
2023-03-16 20:26:34.904,13,200328,25SQCMICSBB9B0800901A,,DOC,1,-
2023-03-16 20:26:34.904,13,200328,25SQCMICSBB9B0800901A,,DOC,2,-
2023-03-16 20:26:35.342,13,200328,25SQCMICSBB9B0800901A,,DOC,1,-
2023-03-16 20:26:35.342,13,200328,25SQCMICSBB9B0800901A,,DOC,2,-
2023-03-16 20:26:35.779,13,200328,25SQCMICSBB9B0800901A,,DOC,1,-
2023-03-16 20:26:39.342,13,200328,25SQCMICSBB9B0800901A,,DOC,2,-
2023-03-16 20:26:39.779,13,200328,25SQCMICSBB9B0800901A,,DOC,1,-
2023-03-16 20:26:39.779,13,200328,25SQCMICSBB9B0800901A,,DOC,2,-
2023-03-16 20:26:40.232,13,200328,25SQCMICSBB9B0800901A,,DOC,1,-
2023-03-16 20:26:40.232,13,200328,25SQCMICSBB9B0800901A,,DOC,2,-
2023-03-16 20:26:40.654,13,200328,25SQCMICSBB9B0800901A,,DOC,1,-
2023-03-16 20:26:45.810,13,200328,25SQCMICSBB9B0800901A,,DOC,1,-
2023-03-16 20:26:45.810,13,200328,25SQCMICSBB9B0800901A,,DOC,2,-
2023-03-16 20:26:46.248,13,200328,25SQCMICSBB9B0800901A,,DOC,1,-
2023-03-16 20:26:46.248,13,200328,25SQCMICSBB9B0800901A,,DOC,2,-
2023-03-16 20:26:46.701,13,200328,25SQCMICSBB9B0800901A,,DOC,1,-
2023-03-16 20:26:51.935,13,200328,25SQCMICSBB9B0800901A,,DOC,1,-
2023-03-16 20:26:57.217,13,200328,25SQCMICSBB9B0800901A,,DOC,1,-
2023-03-16 20:26:57.217,13,200328,25SQCMICSBB9B0800901A,,DOC,2,-
2023-03-16 20:26:57.654,13,200328,25SQCMICSBB9B0800901A,,DOC,1,-
2023-03-16 20:26:57.654,13,200328,25SQCMICSBB9B0800901A,,DOC,2,-
2023-03-16 20:26:58.107,13,200328,25SQCMICSBB9B0800901A,,DOC,1,-
2023-03-16 20:26:58.107,13,200328,25SQCMICSBB9B0800901A,,DOC,2,-
2023-03-16 20:26:58.545,13,200328,25SQCMICSBB9B0800901A,,DOC,1,-
2023-03-16 20:26:58.545,13,200328,25SQCMICSBB9B0800901A,,DOC,2,-
2023-03-16 20:26:58.998,13,200328,25SQCMICSBB9B0800901A,,DOC,1,-
2023-03-16 20:26:58.998,13,200328,25SQCMICSBB9B0800901A,,DOC,2,-
2023-03-16 20:26:59.889,13,200328,25SQCMICSBB9B0800901A,,DOC,1,-
2023-03-16 20:26:59.889,13,200328,25SQCMICSBB9B0800901A,,DOC,2,-
2023-03-16 20:27:00.342,13,200328,25SQCMICSBB9B0800901A,,DOC,1,-
2023-03-16 20:27:00.342,13,200328,25SQCMICSBB9B0800901A,,DOC,2,-
2023-03-16 20:27:00.764,13,200328,25SQCMICSBB9B0800901A,,DOC,1,-
2023-03-16 20:27:00.764,13,200328,25SQCMICSBB9B0800901A,,DOC,2,-
2023-03-16 20:27:01.217,13,200328,25SQCMICSBB9B0800901A,,DOC,1,-
2023-03-16 20:27:01.217,13,200328,25SQCMICSBB9B0800901A,,DOC,2,-
2023-03-16 20:27:01.685,13,200328,25SQCMICSBB9B0800901A,,DOC,1,-
2023-03-16 20:27:01.685,13,200328,25SQCMICSBB9B0800901A,,DOC,2,-
2023-03-16 20:27:02.139,13,200328,25SQCMICSBB9B0800901A,,DOC,1,-
2023-03-16 20:27:02.139,13,200328,25SQCMICSBB9B0800901A,,DOC,2,-
2023-03-16 20:27:02.576,13,200328,25SQCMICSBB9B0800901A,,DOC,1,-
2023-03-16 20:27:02.576,13,200328,25SQCMICSBB9B0800901A,,DOC,2,-
2023-03-16 20:27:03.014,13,200328,25SQCMICSBB9B0800901A,,DOC,1,-
2023-03-16 20:27:03.014,13,200328,25SQCMICSBB9B0800901A,,DOC,2,-
2023-03-16 20:27:03.467,13,200328,25SQCMICSBB9B0800901A,,DOC,1,-
2023-03-16 20:27:03.467,13,200328,25SQCMICSBB9B0800901A,,DOC,2,-
2023-03-16 20:27:03.920,13,200328,25SQCMICSBB9B0800901A,,DOC,1,-
2023-03-16 20:27:03.920,13,200328,25SQCMICSBB9B0800901A,,DOC,2,-
2023-03-16 20:27:04.357,13,200328,25SQCMICSBB9B0800901A,,DOC,1,-
2023-03-16 20:27:04.357,13,200328,25SQCMICSBB9B0800901A,,DOC,2,-
2023-03-16 20:27:04.810,13,200328,25SQCMICSBB9B0800901A,,DOC,1,-
2023-03-16 20:27:04.810,13,200328,25SQCMICSBB9B0800901A,,DOC,2,-
2023-03-16 20:27:09.967,13,200328,25SQCMICSBB9B0800901A,,DOC,2,-
2023-03-16 20:27:22.685,13,200328,25SQCMICSBB9B0800901A,,DOC,2,-
2023-03-16 20:27:54.482,13,200328,25SQCMICSBB9B0800901A,,DOC,2,-
2023-03-16 20:28:39.826,13,200328,25SQCMICSBB9B0800901A,,DOC,2,-
2023-03-16 20:28:45.732,13,200328,25SQCMICSBB9B0800901A,,DOC,2,-
2023-03-16 20:28:57.545,13,200328,25SQCMICSBB9B0800901A,,DOC,2,-
2023-03-16 20:29:03.935,13,200328,25SQCMICSBB9B0800901A,,DOC,2,-
2023-03-16 20:29:54.217,13,200328,25SQCMICSBB9B0800901A,,DOC,2,-
2023-03-16 20:29:58.139,13,200328,25SQCMICSBB9B0800901A,,DOC,1,-
2023-03-16 20:29:58.139,13,200328,25SQCMICSBB9B0800901A,,DOC,2,-
2023-03-16 20:29:59.420,13,200328,25SQCMICSBB9B0800901A,,DOC,1,-
2023-03-16 20:29:59.420,13,200328,25SQCMICSBB9B0800901A,,DOC,2,-
2023-03-16 20:29:59.873,13,200328,25SQCMICSBB9B0800901A,,DOC,1,-
2023-03-16 20:29:59.873,13,200328,25SQCMICSBB9B0800901A,,DOC,2,-
2023-03-16 20:30:00.295,13,200328,25SQCMICSBB9B0800901A,,DOC,1,-
2023-03-16 20:30:00.295,13,200328,25SQCMICSBB9B0800901A,,DOC,2,-
2023-03-16 20:30:00.748,13,200328,25SQCMICSBB9B0800901A,,DOC,1,-
2023-03-16 20:30:00.748,13,200328,25SQCMICSBB9B0800901A,,DOC,2,-
2023-03-16 20:30:01.201,13,200328,25SQCMICSBB9B0800901A,,DOC,1,-
2023-03-16 20:30:01.201,13,200328,25SQCMICSBB9B0800901A,,DOC,2,-
2023-03-16 20:30:01.654,13,200328,25SQCMICSBB9B0800901A,,DOC,1,-
2023-03-16 20:30:01.654,13,200328,25SQCMICSBB9B0800901A,,DOC,2,-
2023-03-16 20:30:02.092,13,200328,25SQCMICSBB9B0800901A,,DOC,1,-
2023-03-16 20:30:02.092,13,200328,25SQCMICSBB9B0800901A,,DOC,2,-
2023-03-16 20:30:02.529,13,200328,25SQCMICSBB9B0800901A,,DOC,1,-
2023-03-16 20:30:02.529,13,200328,25SQCMICSBB9B0800901A,,DOC,2,-
2023-03-16 20:30:02.982,13,200328,25SQCMICSBB9B0800901A,,DOC,1,-
2023-03-16 20:30:02.982,13,200328,25SQCMICSBB9B0800901A,,DOC,2,-
2023-03-16 20:30:05.592,13,200328,25SQCMICSBB9B0800901A,,DOC,1,-
2023-03-16 20:30:05.592,13,200328,25SQCMICSBB9B0800901A,,DOC,2,-
2023-03-16 20:30:06.045,13,200328,25SQCMICSBB9B0800901A,,DOC,1,-
2023-03-16 20:30:06.045,13,200328,25SQCMICSBB9B0800901A,,DOC,2,-
2023-03-16 20:30:06.482,13,200328,25SQCMICSBB9B0800901A,,DOC,1,-
2023-03-16 20:30:06.482,13,200328,25SQCMICSBB9B0800901A,,DOC,2,-
2023-03-16 20:30:09.545,13,200328,25SQCMICSBB9B0800901A,,DOC,1,-
2023-03-16 20:30:09.545,13,200328,25SQCMICSBB9B0800901A,,DOC,2,-
2023-03-16 20:30:10.014,13,200328,25SQCMICSBB9B0800901A,,DOC,1,-
2023-03-16 20:30:10.014,13,200328,25SQCMICSBB9B0800901A,,DOC,2,-
2023-03-16 20:30:10.451,13,200328,25SQCMICSBB9B0800901A,,DOC,1,-
2023-03-16 20:30:10.451,13,200328,25SQCMICSBB9B0800901A,,DOC,2,-
2023-03-16 20:30:10.904,13,200328,25SQCMICSBB9B0800901A,,DOC,1,-
2023-03-16 20:30:10.904,13,200328,25SQCMICSBB9B0800901A,,DOC,2,-
2023-03-16 20:30:11.342,13,200328,25SQCMICSBB9B0800901A,,DOC,1,-
2023-03-16 20:30:11.342,13,200328,25SQCMICSBB9B0800901A,,DOC,2,-
2023-03-16 20:30:12.685,13,200328,25SQCMICSBB9B0800901A,,DOC,1,-
2023-03-16 20:30:12.685,13,200328,25SQCMICSBB9B0800901A,,DOC,2,-
2023-03-16 20:30:17.904,13,200328,25SQCMICSBB9B0800901A,,DOC,2,-
2023-03-16 20:30:18.357,13,200328,25SQCMICSBB9B0800901A,,DOC,1,-
2023-03-16 20:30:18.357,13,200328,25SQCMICSBB9B0800901A,,DOC,2,-
2023-03-16 20:30:18.795,13,200328,25SQCMICSBB9B0800901A,,DOC,1,-
2023-03-16 20:30:18.795,13,200328,25SQCMICSBB9B0800901A,,DOC,2,-
2023-03-16 20:30:24.014,13,200328,25SQCMICSBB9B0800901A,,DOC,2,-
2023-03-16 20:30:25.357,13,200328,25SQCMICSBB9B0800901A,,DOC,1,-
2023-03-16 20:30:25.357,13,200328,25SQCMICSBB9B0800901A,,DOC,2,-
2023-03-16 20:30:25.810,13,200328,25SQCMICSBB9B0800901A,,DOC,1,-
2023-03-16 20:30:25.810,13,200328,25SQCMICSBB9B0800901A,,DOC,2,-
2023-03-16 20:30:26.264,13,200328,25SQCMICSBB9B0800901A,,DOC,1,-
2023-03-16 20:30:26.264,13,200328,25SQCMICSBB9B0800901A,,DOC,2,-
2023-03-16 20:30:26.701,13,200328,25SQCMICSBB9B0800901A,,DOC,1,-
2023-03-16 20:30:26.701,13,200328,25SQCMICSBB9B0800901A,,DOC,2,-
2023-03-16 20:30:27.139,13,200328,25SQCMICSBB9B0800901A,,DOC,1,-
2023-03-16 20:30:27.139,13,200328,25SQCMICSBB9B0800901A,,DOC,2,-
2023-03-16 20:30:27.592,13,200328,25SQCMICSBB9B0800901A,,DOC,1,-
2023-03-16 20:30:27.592,13,200328,25SQCMICSBB9B0800901A,,DOC,2,-
2023-03-16 20:30:28.045,13,200328,25SQCMICSBB9B0800901A,,DOC,1,-
2023-03-16 20:30:28.045,13,200328,25SQCMICSBB9B0800901A,,DOC,2,-
2023-03-16 20:30:30.670,13,200328,25SQCMICSBB9B0800901A,,DOC,1,-
2023-03-16 20:30:30.670,13,200328,25SQCMICSBB9B0800901A,,DOC,2,-
2023-03-16 20:30:35.857,13,200328,25SQCMICSBB9B0800901A,,DOC,2,-
2023-03-16 20:30:36.295,13,200328,25SQCMICSBB9B0800901A,,DOC,1,-
2023-03-16 20:30:36.295,13,200328,25SQCMICSBB9B0800901A,,DOC,2,-
2023-03-16 20:30:36.732,13,200328,25SQCMICSBB9B0800901A,,DOC,1,-
2023-03-16 20:30:36.732,13,200328,25SQCMICSBB9B0800901A,,DOC,2,-
2023-03-16 20:30:37.154,13,200328,25SQCMICSBB9B0800901A,,DOC,1,-
2023-03-16 20:30:37.154,13,200328,25SQCMICSBB9B0800901A,,DOC,2,-
2023-03-16 20:30:37.592,13,200328,25SQCMICSBB9B0800901A,,DOC,1,-
2023-03-16 20:30:37.592,13,200328,25SQCMICSBB9B0800901A,,DOC,2,-
2023-03-16 20:30:38.045,13,200328,25SQCMICSBB9B0800901A,,DOC,1,-
2023-03-16 20:30:38.045,13,200328,25SQCMICSBB9B0800901A,,DOC,2,-
2023-03-16 20:30:49.139,13,200328,25SQCMICSBB9B0800901A,,DOC,2,-
2023-03-16 20:31:50.045,13,200328,25SQCMICSBB9B0800901A,,DOC,2,-
2023-03-16 20:31:56.420,13,200328,25SQCMICSBBA42E0099DD,,DOC,2,-
2023-03-16 20:31:58.545,13,200328,25SQCMICSBB9B0800901A,,DOC,2,-
2023-03-16 20:32:01.607,13,200328,25SQCMICSBBA42E0099DD,,DOC,2,-
2023-03-16 20:32:08.935,13,200328,25SQCMICSBB9B0800901A,,DOC,2,-
2023-03-16 20:32:14.545,13,200328,25SQCMICSBB9B0800901A,,DOC,2,-
2023-03-16 20:32:18.842,13,200328,25SQCMICSBB9B0800901A,,DOC,1,-
2023-03-16 20:32:18.842,13,200328,25SQCMICSBB9B0800901A,,DOC,2,-
2023-03-16 20:32:20.576,13,200328,25SQCMICSBB9B0800901A,,DOC,1,-
2023-03-16 20:32:20.576,13,200328,25SQCMICSBB9B0800901A,,DOC,2,-
2023-03-16 20:32:25.779,13,200328,25SQCMICSBB9B0800901A,,DOC,2,-
2023-03-16 20:32:30.982,13,200328,25SQCMICSBB9B0800901A,,DOC,2,-
2023-03-16 20:32:40.373,13,200328,25SQCMICSBB9B0800901A,,DOC,2,-
2023-03-16 20:33:13.326,13,200328,25SQCMICSBB9B0800901A,,DOC,2,-
2023-03-16 20:34:29.998,13,200328,25SQCMICSBB9B0800901A,,DOC,2,-
2023-03-16 20:34:35.185,13,200328,25SQCMICSBB9B0800901A,,DOC,2,-
2023-03-16 20:34:45.014,13,200328,25SQCMICSBB9B0800901A,,DOC,2,-
2023-03-16 20:34:53.514,13,200328,25SQCMICSBB9B0800901A,,DOC,2,-
2023-03-16 20:34:58.639,13,200328,25SQCMICSBB9B0800901A,,DOC,2,-
2023-03-16 20:37:03.107,13,200328,25SQCMICSBBA42E0099DD,,DOC,2,-
2023-03-16 20:37:11.685,13,200328,25SQCMICSBBA42E0099DD,,DOC,2,-
2023-03-16 20:37:17.639,13,200328,25SQCMICSBB9B0800901A,,DOC,2,-
2023-03-16 20:37:33.795,13,200328,25SQCMICSBB9B0800901A,,DOC,2,-
2023-03-16 20:37:40.045,13,200328,25SQCMICSBB9B0800901A,,DOC,2,-
2023-03-16 20:38:14.389,13,200328,25SQCMICSBBA42E0099DD,,DOC,2,-
2023-03-16 20:38:19.545,13,200328,25SQCMICSBBA42E0099DD,,DOC,2,-
2023-03-16 20:38:20.420,13,200328,25SQCMICSBBA42E0099DD,,DOC,1,-
2023-03-16 20:38:20.420,13,200328,25SQCMICSBBA42E0099DD,,DOC,2,-
2023-03-16 20:38:20.857,13,200328,25SQCMICSBBA42E0099DD,,DOC,1,-
2023-03-16 20:38:20.857,13,200328,25SQCMICSBBA42E0099DD,,DOC,2,-
2023-03-16 20:38:21.764,13,200328,25SQCMICSBBA42E0099DD,,DOC,1,-
2023-03-16 20:38:21.764,13,200328,25SQCMICSBBA42E0099DD,,DOC,2,-
2023-03-16 20:38:22.201,13,200328,25SQCMICSBBA42E0099DD,,DOC,1,-
2023-03-16 20:38:22.201,13,200328,25SQCMICSBBA42E0099DD,,DOC,2,-
2023-03-16 20:38:22.654,13,200328,25SQCMICSBBA42E0099DD,,DOC,1,-
2023-03-16 20:38:22.654,13,200328,25SQCMICSBBA42E0099DD,,DOC,2,-
2023-03-16 20:38:23.107,13,200328,25SQCMICSBBA42E0099DD,,DOC,1,-
2023-03-16 20:38:23.107,13,200328,25SQCMICSBBA42E0099DD,,DOC,2,-
2023-03-16 20:38:23.545,13,200328,25SQCMICSBBA42E0099DD,,DOC,1,-
2023-03-16 20:38:23.545,13,200328,25SQCMICSBBA42E0099DD,,DOC,2,-
2023-03-16 20:38:23.998,13,200328,25SQCMICSBBA42E0099DD,,DOC,1,-
2023-03-16 20:38:23.998,13,200328,25SQCMICSBBA42E0099DD,,DOC,2,-
2023-03-16 20:38:24.451,13,200328,25SQCMICSBBA42E0099DD,,DOC,1,-
2023-03-16 20:38:24.451,13,200328,25SQCMICSBBA42E0099DD,,DOC,2,-
2023-03-16 20:38:24.904,13,200328,25SQCMICSBBA42E0099DD,,DOC,1,-
2023-03-16 20:38:24.904,13,200328,25SQCMICSBBA42E0099DD,,DOC,2,-
2023-03-16 20:38:25.342,13,200328,25SQCMICSBBA42E0099DD,,DOC,1,-
2023-03-16 20:38:25.342,13,200328,25SQCMICSBBA42E0099DD,,DOC,2,-
2023-03-16 20:38:25.795,13,200328,25SQCMICSBBA42E0099DD,,DOC,1,-
2023-03-16 20:38:25.795,13,200328,25SQCMICSBBA42E0099DD,,DOC,2,-
2023-03-16 20:38:26.232,13,200328,25SQCMICSBBA42E0099DD,,DOC,1,-
2023-03-16 20:38:26.232,13,200328,25SQCMICSBBA42E0099DD,,DOC,2,-
2023-03-16 20:38:27.092,13,200328,25SQCMICSBBA42E0099DD,,DOC,1,-
2023-03-16 20:38:27.092,13,200328,25SQCMICSBBA42E0099DD,,DOC,2,-
2023-03-16 20:38:27.529,13,200328,25SQCMICSBBA42E0099DD,,DOC,1,-
2023-03-16 20:38:27.529,13,200328,25SQCMICSBBA42E0099DD,,DOC,2,-
2023-03-16 20:38:27.967,13,200328,25SQCMICSBBA42E0099DD,,DOC,1,-
2023-03-16 20:38:27.967,13,200328,25SQCMICSBBA42E0099DD,,DOC,2,-
2023-03-16 20:39:23.748,13,200328,25SQCMICSBBA42E0099DD,,DOC,2,-
2023-03-16 20:39:35.232,13,200328,25SQCMICSBBA42E0099DD,,DOC,2,-
2023-03-16 20:39:50.232,13,200328,25SQCMICSBBA42E0099DD,,DOC,2,-
2023-03-16 20:39:56.654,13,200328,25SQCMICSBBA42E0099DD,,DOC,2,-
2023-03-16 20:45:09.279,13,200328,25SQCMICSBB9B0800901A,,DOC,2,-
2023-03-16 20:45:14.435,13,200328,25SQCMICSBB9B0800901A,,DOC,2,-
2023-03-16 20:45:19.623,13,200328,25SQCMICSBB9B0800901A,,DOC,2,-
2023-03-16 20:45:26.467,13,200328,25SQCMICSBB9B0800901A,,DOC,2,-
2023-03-16 20:45:32.498,13,200328,25SQCMICSBB9B0800901A,,DOC,2,-
2023-03-16 20:45:39.451,13,200328,25SQCMICSBB9B0800901A,,DOC,2,-
2023-03-16 20:45:44.701,13,200328,25SQCMICSBB9B0800901A,,DOC,2,-
2023-03-16 20:45:55.326,13,200328,25SQCMICSBB9B0800901A,,DOC,2,-
2023-03-16 20:46:00.467,13,200328,25SQCMICSBB9B0800901A,,DOC,2,-
2023-03-16 20:46:05.685,13,200328,25SQCMICSBB9B0800901A,,DOC,2,-
2023-03-16 20:46:10.889,13,200328,25SQCMICSBB9B0800901A,,DOC,2,-
2023-03-16 20:46:16.045,13,200328,25SQCMICSBB9B0800901A,,DOC,2,-
2023-03-16 20:46:45.779,13,200328,25SQCMICSBB9B0800901A,,DOC,2,-
2023-03-16 20:46:50.935,13,200328,25SQCMICSBB9B0800901A,,DOC,2,-
2023-03-16 20:46:56.092,13,200328,25SQCMICSBB9B0800901A,,DOC,2,-
2023-03-16 20:47:01.264,13,200328,25SQCMICSBB9B0800901A,,DOC,2,-
2023-03-16 20:47:06.498,13,200328,25SQCMICSBB9B0800901A,,DOC,2,-
2023-03-16 20:47:11.685,13,200328,25SQCMICSBB9B0800901A,,DOC,2,-
2023-03-16 20:47:16.826,13,200328,25SQCMICSBB9B0800901A,,DOC,2,-
2023-03-16 20:47:21.967,13,200328,25SQCMICSBB9B0800901A,,DOC,2,-
2023-03-16 20:47:27.170,13,200328,25SQCMICSBB9B0800901A,,DOC,2,-
2023-03-16 20:47:33.623,13,200328,25SQCMICSBB9B0800901A,,DOC,2,-
2023-03-16 20:47:38.826,13,200328,25SQCMICSBB9B0800901A,,DOC,2,-
2023-03-16 20:47:43.998,13,200328,25SQCMICSBB9B0800901A,,DOC,2,-
2023-03-16 20:47:49.170,13,200328,25SQCMICSBB9B0800901A,,DOC,2,-
2023-03-16 20:47:54.279,13,200328,25SQCMICSBB9B0800901A,,DOC,2,-
2023-03-16 20:47:59.467,13,200328,25SQCMICSBB9B0800901A,,DOC,2,-
2023-03-16 20:48:04.732,13,200328,25SQCMICSBB9B0800901A,,DOC,2,-
2023-03-16 20:48:09.935,13,200328,25SQCMICSBB9B0800901A,,DOC,2,-
2023-03-16 20:48:15.498,13,200328,25SQCMICSBB9B0800901A,,DOC,2,-
2023-03-16 20:48:22.451,13,200328,25SQCMICSBB9B0800901A,,DOC,2,-
2023-03-16 20:48:27.639,13,200328,25SQCMICSBB9B0800901A,,DOC,2,-
2023-03-16 20:48:32.826,13,200328,25SQCMICSBB9B0800901A,,DOC,2,-
2023-03-16 20:48:38.029,13,200328,25SQCMICSBB9B0800901A,,DOC,2,-
2023-03-16 20:48:43.185,13,200328,25SQCMICSBB9B0800901A,,DOC,2,-
2023-03-16 20:48:48.373,13,200328,25SQCMICSBB9B0800901A,,DOC,2,-
2023-03-16 20:49:04.217,13,200328,25SQCMICSBB9B0800901A,,DOC,2,-
2023-03-16 20:49:11.482,13,200328,25SQCMICSBB9B0800901A,,DOC,2,-
2023-03-16 20:49:59.545,13,200328,25SQCMICSBB9B0800901A,,DOC,2,-
2023-03-16 20:52:13.482,13,200328,25SQCMICSBB9B0800901A,,DOC,2,-
2023-03-16 20:52:19.435,13,200328,25SQCMICSBB9B0800901A,,DOC,2,-
2023-03-16 20:52:24.982,13,200328,25SQCMICSBB9B0800901A,,DOC,2,-
2023-03-16 20:52:30.139,13,200328,25SQCMICSBB9B0800901A,,DOC,2,-
2023-03-16 20:52:35.295,13,200328,25SQCMICSBB9B0800901A,,DOC,2,-
2023-03-16 20:52:36.639,13,200328,25SQCMICSBB9B0800901A,,DOC,1,-
2023-03-16 20:52:36.639,13,200328,25SQCMICSBB9B0800901A,,DOC,2,-
2023-03-16 20:52:44.748,13,200328,25SQCMICSBB9B0800901A,,DOC,2,-
2023-03-16 20:52:52.092,13,200328,25SQCMICSBB9B0800901A,,DOC,2,-
2023-03-16 20:52:57.201,13,200328,25SQCMICSBB9B0800901A,,DOC,2,-
2023-03-16 20:53:02.342,13,200328,25SQCMICSBB9B0800901A,,DOC,2,-
2023-03-16 20:53:07.498,13,200328,25SQCMICSBB9B0800901A,,DOC,2,-
2023-03-16 20:53:13.092,13,200328,25SQCMICSBB9B0800901A,,DOC,2,-
2023-03-16 20:53:18.342,13,200328,25SQCMICSBB9B0800901A,,DOC,2,-
2023-03-16 20:53:26.998,13,200328,25SQCMICSBB9B0800901A,,DOC,2,-
2023-03-16 20:53:35.982,13,200328,25SQCMICSBB9B0800901A,,DOC,2,-
2023-03-16 20:53:41.592,13,200328,25SQCMICSBB9B0800901A,,DOC,2,-
2023-03-16 20:53:47.154,13,200328,25SQCMICSBB9B0800901A,,DOC,2,-
2023-03-16 20:53:52.795,13,200328,25SQCMICSBB9B0800901A,,DOC,2,-
2023-03-16 20:53:57.935,13,200328,25SQCMICSBB9B0800901A,,DOC,2,-
2023-03-16 20:54:03.139,13,200328,25SQCMICSBB9B0800901A,,DOC,2,-
2023-03-16 20:54:08.326,13,200328,25SQCMICSBB9B0800901A,,DOC,2,-
2023-03-16 20:54:13.435,13,200328,25SQCMICSBB9B0800901A,,DOC,2,-
2023-03-16 20:54:18.654,13,200328,25SQCMICSBB9B0800901A,,DOC,2,-
2023-03-16 20:54:24.639,13,200328,25SQCMICSBB9B0800901A,,DOC,2,-
2023-03-16 20:54:31.920,13,200328,25SQCMICSBB9B0800901A,,DOC,2,-
2023-03-16 20:54:37.076,13,200328,25SQCMICSBB9B0800901A,,DOC,2,-
2023-03-16 20:54:42.264,13,200328,25SQCMICSBB9B0800901A,,DOC,2,-
2023-03-16 20:56:23.576,13,200328,25SQCMICSBB9B0800901A,,DOC,2,-
2023-03-16 20:56:29.592,13,200328,25SQCMICSBB9B0800901A,,DOC,2,-
2023-03-16 20:56:32.232,13,200328,25SQCMICSBB9B0800901A,,DOC,1,-
2023-03-16 20:56:32.232,13,200328,25SQCMICSBB9B0800901A,,DOC,2,-
2023-03-16 20:56:32.670,13,200328,25SQCMICSBB9B0800901A,,DOC,1,-
2023-03-16 20:56:32.670,13,200328,25SQCMICSBB9B0800901A,,DOC,2,-
2023-03-16 20:56:33.107,13,200328,25SQCMICSBB9B0800901A,,DOC,1,-
2023-03-16 20:56:33.107,13,200328,25SQCMICSBB9B0800901A,,DOC,2,-
2023-03-16 20:56:34.857,13,200328,25SQCMICSBB9B0800901A,,DOC,1,-
2023-03-16 20:56:34.857,13,200328,25SQCMICSBB9B0800901A,,DOC,2,-
2023-03-16 20:56:36.592,13,200328,25SQCMICSBB9B0800901A,,DOC,1,-
2023-03-16 20:56:36.592,13,200328,25SQCMICSBB9B0800901A,,DOC,2,-
2023-03-16 20:56:37.045,13,200328,25SQCMICSBB9B0800901A,,DOC,1,-
2023-03-16 20:56:37.045,13,200328,25SQCMICSBB9B0800901A,,DOC,2,-
2023-03-16 20:56:37.498,13,200328,25SQCMICSBB9B0800901A,,DOC,1,-
2023-03-16 20:56:37.498,13,200328,25SQCMICSBB9B0800901A,,DOC,2,-
2023-03-16 20:56:37.935,13,200328,25SQCMICSBB9B0800901A,,DOC,1,-
2023-03-16 20:56:37.935,13,200328,25SQCMICSBB9B0800901A,,DOC,2,-
2023-03-16 20:56:38.389,13,200328,25SQCMICSBB9B0800901A,,DOC,1,-
2023-03-16 20:56:38.389,13,200328,25SQCMICSBB9B0800901A,,DOC,2,-
2023-03-16 20:56:39.279,13,200328,25SQCMICSBB9B0800901A,,DOC,1,-
2023-03-16 20:56:39.279,13,200328,25SQCMICSBB9B0800901A,,DOC,2,-
2023-03-16 20:56:39.701,13,200328,25SQCMICSBB9B0800901A,,DOC,1,-
2023-03-16 20:56:42.357,13,200328,25SQCMICSBB9B0800901A,,DOC,2,-
2023-03-16 20:56:42.795,13,200328,25SQCMICSBB9B0800901A,,DOC,1,-
2023-03-16 20:56:42.795,13,200328,25SQCMICSBB9B0800901A,,DOC,2,-
2023-03-16 20:56:43.217,13,200328,25SQCMICSBB9B0800901A,,DOC,1,-
2023-03-16 20:56:43.217,13,200328,25SQCMICSBB9B0800901A,,DOC,2,-
2023-03-16 20:56:43.670,13,200328,25SQCMICSBB9B0800901A,,DOC,1,-
2023-03-16 20:56:43.670,13,200328,25SQCMICSBB9B0800901A,,DOC,2,-
2023-03-16 20:56:44.107,13,200328,25SQCMICSBB9B0800901A,,DOC,1,-
2023-03-16 20:56:44.107,13,200328,25SQCMICSBB9B0800901A,,DOC,2,-
2023-03-16 20:59:35.170,13,200328,25SQCMICSBB9B0800901A,,DOC,2,-
2023-03-16 21:19:09.701,13,200328,25SQCMICSBB9B0800901A,,DOC,2,-
2023-03-16 21:49:28.248,13,200328,25SQCMICSBB9B0800901A,,DOC,2,-
2023-03-16 21:54:02.576,13,200328,25SQCMICSBB9B0800901A,,DOC,2,-
2023-03-16 21:54:38.123,13,200328,25SQCMICSBB9B0800901A,,DOC,2,-
2023-03-16 22:09:12.076,13,200328,25SQCMICSBB9B0800901A,,DOC,2,-
2023-03-16 22:09:38.435,13,200328,25SQCMICSBB9B0800901A,,DOC,2,-
2023-03-16 22:09:45.435,13,200328,25SQCMICSBB9B0800901A,,DOC,2,-
2023-03-16 22:09:50.576,13,200328,25SQCMICSBB9B0800901A,,DOC,2,-
2023-03-16 22:09:56.654,13,200328,25SQCMICSBB9B0800901A,,DOC,2,-
2023-03-16 22:10:24.639,13,200328,25SQCMICSBB9B0800901A,,DOC,2,-
2023-03-16 22:11:21.201,13,200328,25SQCMICSBB9B0800901A,,DOC,2,-
2023-03-16 22:11:26.420,13,200328,25SQCMICSBB9B0800901A,,DOC,2,-
2023-03-16 22:15:34.279,13,200328,25SQCMICSBB9B0800901A,,DOC,2,-
2023-03-16 22:16:05.748,13,200328,25SQCMICSBB9B0800901A,,DOC,2,-
2023-03-16 22:16:11.779,13,200328,25SQCMICSBB9B0800901A,,DOC,2,-
2023-03-16 22:19:10.889,13,200328,25SQCMICSBB9B0800901A,,DOC,2,-
2023-03-16 22:19:16.451,13,200328,25SQCMICSBB9B0800901A,,DOC,2,-
2023-03-16 22:19:24.170,13,200328,25SQCMICSBB9B0800901A,,DOC,2,-
2023-03-16 22:19:30.139,13,200328,25SQCMICSBB9B0800901A,,DOC,2,-
2023-03-16 22:19:51.826,13,200328,25SQCMICSBB9B0800901A,,DOC,2,-
2023-03-16 22:19:59.482,13,200328,25SQCMICSBB9B0800901A,,DOC,2,-
2023-03-17 00:29:28.639,13,200328,25SQCMICSBBC04F00B9C8,,DOC,2,-
2023-03-17 00:29:29.967,13,200328,25SQCMICSBBC04F00B9C8,,DOC,1,-
2023-03-17 00:29:29.967,13,200328,25SQCMICSBBC04F00B9C8,,DOC,2,-
2023-03-17 00:29:39.373,13,200328,25SQCMICSBBC04F00B9C8,,DOC,2,-
2023-03-17 00:29:46.451,13,200328,25SQCMICSBBC04F00B9C8,,DOC,2,-
2023-03-17 00:52:25.889,13,200328,25SQCMICSBBC04F00B9C8,,DOC,2,-
2023-03-17 00:52:31.404,13,200328,25SQCMICSBBC04F00B9C8,,DOC,2,-
2023-03-17 00:52:36.623,13,200328,25SQCMICSBBC04F00B9C8,,DOC,2,-
2023-03-17 02:41:41.607,13,200328,25SQCMICSBB9B0800901A,,DOC,2,-
2023-03-17 02:44:37.076,13,200328,25SQCMICSBB9B0800901A,,DOC,2,-
2023-03-17 02:44:42.201,13,200328,25SQCMICSBB9B0800901A,,DOC,2,-
2023-03-17 02:44:47.373,13,200328,25SQCMICSBB9B0800901A,,DOC,2,-
2023-03-17 02:44:52.560,13,200328,25SQCMICSBB9B0800901A,,DOC,2,-
2023-03-17 02:44:57.701,13,200328,25SQCMICSBB9B0800901A,,DOC,2,-
2023-03-17 02:45:08.029,13,200328,25SQCMICSBB9B0800901A,,DOC,2,-
2023-03-17 02:45:13.201,13,200328,25SQCMICSBB9B0800901A,,DOC,2,-
2023-03-17 02:45:18.373,13,200328,25SQCMICSBB9B0800901A,,DOC,2,-
2023-03-17 02:45:24.389,13,200328,25SQCMICSBB9B0800901A,,DOC,2,-
2023-03-17 02:45:29.951,13,200328,25SQCMICSBB9B0800901A,,DOC,2,-
2023-03-17 02:45:35.154,13,200328,25SQCMICSBB9B0800901A,,DOC,2,-
2023-03-17 02:51:04.045,13,200328,25SQCMICSBB9B0800901A,,DOC,2,-
2023-03-17 02:51:09.279,13,200328,25SQCMICSBB9B0800901A,,DOC,2,-
2023-03-17 02:51:14.514,13,200328,25SQCMICSBB9B0800901A,,DOC,2,-
2023-03-17 02:51:40.998,13,200328,25SQCMICSBB9B0800901A,,DOC,2,-
2023-03-17 02:52:37.764,13,200328,25SQCMICSBB9B0800901A,,DOC,2,-
2023-03-17 02:52:45.857,13,200328,25SQCMICSBB9B0800901A,,DOC,2,-
2023-03-17 02:54:03.123,13,200328,25SQCMICSBB9B0800901A,,DOC,2,-
2023-03-17 02:55:18.920,13,200328,25SQCMICSBB9B0800901A,,DOC,2,-
2023-03-17 02:55:24.435,13,200328,25SQCMICSBB9B0800901A,,DOC,2,-
2023-03-17 02:55:35.201,13,200328,25SQCMICSBB9B0800901A,,DOC,2,-
2023-03-17 02:57:37.123,13,200328,25SQCMICSBB9B0800901A,,DOC,2,-
2023-03-17 02:58:47.654,13,200328,25SQCMICSBB9B0800901A,,DOC,2,-
2023-03-17 08:00:40.279,10,200330,25SQCMICSBBED8700AC62,,DOC,2,-
2023-03-17 08:00:41.154,10,200330,25SQCMICSBBED8700AC62,,DOC,1,-
2023-03-17 08:00:41.154,10,200330,25SQCMICSBBED8700AC62,,DOC,2,-
2023-03-17 08:07:01.326,10,200330,25SQCMICSBBED8700AC62,,DOC,2,-
2023-03-17 08:08:50.873,10,200330,25SQCMICSBBED8700AC62,,DOC,2,-
2023-03-17 08:08:51.717,10,200330,25SQCMICSBBED8700AC62,,DOC,1,-
2023-03-17 08:09:32.373,10,200330,25SQCMICSBB0AE900BAC1,,DOC,2,-
2023-03-17 08:09:52.576,10,200330,25SQCMICSBB0AE900BAC1,,DOC,1,-
2023-03-17 08:09:53.467,10,200330,25SQCMICSBB0AE900BAC1,,DOC,2,-
2023-03-17 08:14:04.810,10,200330,25SQCMICSBBEC3F00BB55,,DOC,1,-
2023-03-17 08:14:05.248,10,200330,25SQCMICSBBEC3F00BB55,,DOC,2,-
2023-03-17 08:16:35.920,10,200330,25SQCMICSBBEC3F00BB55,,DOC,2,-
2023-03-17 08:20:13.748,10,200330,25SQCMICSBBED8700AC62,,DOC,1,-
2023-03-17 08:22:08.764,10,200330,25SQCMICSBBD9B800B9B6,,DOC,2,-
2023-03-17 08:22:09.185,10,200330,25SQCMICSBBD9B800B9B6,,DOC,1,-
2023-03-17 08:22:14.279,10,200330,25SQCMICSBBD9B800B9B6,,DOC,1,-
2023-03-17 08:22:14.701,10,200330,25SQCMICSBBD9B800B9B6,,DOC,2,-
2023-03-17 08:22:28.545,10,200330,25SQCMICSBBEC3F00BB55,,DOC,1,-
2023-03-17 08:22:28.967,10,200330,25SQCMICSBBEC3F00BB55,,DOC,2,-
2023-03-17 08:22:37.623,13,200328,25SQCMICSBB06100099C8,,DOC,2,-
2023-03-17 08:25:43.982,10,200330,25SQCMICSBB0AE900BAC1,,DOC,2,-
2023-03-17 08:25:44.404,10,200330,25SQCMICSBB0AE900BAC1,,DOC,1,-
2023-03-17 08:28:16.826,1F,200443,25SQCMICSBBD01C00BAB9,,DOC,2,-
2023-03-17 08:28:17.264,1F,200443,25SQCMICSBBD01C00BAB9,,DOC,1,-
2023-03-17 08:29:07.435,13,200328,25SQCMICSBB06100099C8,,DOC,1,-
2023-03-17 08:29:09.154,13,200328,25SQCMICSBB06100099C8,,DOC,2,-
2023-03-17 08:29:24.873,10,200330,25SQCMICSBBFA7600A8B7,,DOC,2,-
2023-03-17 08:29:25.310,10,200330,25SQCMICSBBFA7600A8B7,,DOC,1,-
2023-03-17 08:31:59.967,13,200328,25SQCMICSBB06100099C8,,DOC,2,-
2023-03-17 08:32:00.373,13,200328,25SQCMICSBB06100099C8,,DOC,1,-
2023-03-17 08:32:42.451,13,200328,25SQCMICSBBA42E0099DD,,DOC,1,-
2023-03-17 08:32:42.451,13,200328,25SQCMICSBBA42E0099DD,,DOC,2,-
2023-03-17 08:32:42.889,13,200328,25SQCMICSBBA42E0099DD,,DOC,1,-
2023-03-17 08:34:51.889,10,200330,25SQCMICSBBED8700AC62,,DOC,1,-
2023-03-17 08:34:52.310,10,200330,25SQCMICSBBED8700AC62,,DOC,2,-
2023-03-17 08:35:30.248,13,200328,25SQCMICSBB06100099C8,,DOC,1,-
2023-03-17 08:35:31.123,13,200328,25SQCMICSBB06100099C8,,DOC,2,-
2023-03-17 08:35:53.857,10,200330,25SQCMICSBB0AE900BAC1,,DOC,1,-
2023-03-17 08:35:53.857,10,200330,25SQCMICSBB0AE900BAC1,,DOC,2,-
2023-03-17 08:36:01.451,10,200330,25SQCMICSBBFA7600A8B7,,DOC,1,-
2023-03-17 08:36:06.514,10,200330,25SQCMICSBBFA7600A8B7,,DOC,1,-
2023-03-17 08:36:07.810,10,200330,25SQCMICSBBFA7600A8B7,,DOC,2,-
2023-03-17 08:36:25.826,10,200330,25SQCMICSBBED8700AC62,,DOC,2,-
2023-03-17 08:36:26.232,10,200330,25SQCMICSBBED8700AC62,,DOC,1,-
2023-03-17 08:37:04.295,13,200328,25SQCMICSBBA42E0099DD,,DOC,1,-
2023-03-17 08:37:05.185,13,200328,25SQCMICSBBA42E0099DD,,DOC,2,-
2023-03-17 08:41:26.060,13,200328,25SQCMICSBB06100099C8,,DOC,2,-
2023-03-17 08:41:27.326,13,200328,25SQCMICSBB06100099C8,,DOC,1,-
2023-03-17 08:44:19.764,10,200330,25SQCMICSBBEC3F00BB55,,DOC,1,-
2023-03-17 08:44:20.639,10,200330,25SQCMICSBBEC3F00BB55,,DOC,2,-
2023-03-17 08:45:28.764,13,200328,25SQCMICSBB06100099C8,,DOC,1,-
2023-03-17 08:45:29.623,13,200328,25SQCMICSBB06100099C8,,DOC,2,-
2023-03-17 08:47:23.670,10,200330,25SQCMICSBBEC3F00BB55,,DOC,2,-
2023-03-17 08:47:24.092,10,200330,25SQCMICSBBEC3F00BB55,,DOC,1,-
2023-03-17 08:50:28.639,13,200328,25SQCMICSBB06100099C8,,DOC,2,-
2023-03-17 08:50:29.498,13,200328,25SQCMICSBB06100099C8,,DOC,1,-
2023-03-17 08:52:18.029,10,200330,25SQCMICSBB743800AC3F,,DOC,2,-
2023-03-17 08:52:19.295,10,200330,25SQCMICSBB743800AC3F,,DOC,1,-
2023-03-17 08:52:19.295,10,200330,25SQCMICSBB743800AC3F,,DOC,2,-
2023-03-17 08:52:19.732,10,200330,25SQCMICSBB743800AC3F,,DOC,1,-
2023-03-17 08:54:04.685,10,200330,25SQCMICSBBD9B800B9B6,,DOC,2,-
2023-03-17 08:54:05.123,10,200330,25SQCMICSBBD9B800B9B6,,DOC,1,-
2023-03-17 08:57:03.451,10,200330,25SQCMICSBBED8700AC62,,DOC,1,-
2023-03-17 08:57:06.029,10,200330,25SQCMICSBBED8700AC62,,DOC,2,-
2023-03-17 08:57:08.810,13,200328,25SQCMICSBB06100099C8,,DOC,1,-
2023-03-17 08:57:09.670,13,200328,25SQCMICSBB06100099C8,,DOC,2,-
2023-03-17 08:58:15.904,13,200328,25SQCMICSBBA42E0099DD,,DOC,1,-
2023-03-17 08:58:15.904,13,200328,25SQCMICSBBA42E0099DD,,DOC,2,-
2023-03-17 08:58:16.357,13,200328,25SQCMICSBBA42E0099DD,,DOC,1,-
2023-03-17 08:58:16.357,13,200328,25SQCMICSBBA42E0099DD,,DOC,2,-
2023-03-17 08:58:16.795,13,200328,25SQCMICSBBA42E0099DD,,DOC,1,-
2023-03-17 08:58:16.795,13,200328,25SQCMICSBBA42E0099DD,,DOC,2,-
2023-03-17 09:01:06.576,10,200330,25SQCMICSBB743800AC3F,,DOC,1,-
2023-03-17 09:01:10.545,10,200330,25SQCMICSBB743800AC3F,,DOC,2,-
2023-03-17 09:01:20.029,13,200328,25SQCMICSBB59840099CE,,DOC,2,-
2023-03-17 09:01:20.498,13,200328,25SQCMICSBB59840099CE,,DOC,1,-
2023-03-17 09:01:20.498,13,200328,25SQCMICSBB59840099CE,,DOC,2,-
2023-03-17 09:01:31.451,13,200328,25SQCMICSBB59840099CE,,DOC,1,-
2023-03-17 09:01:34.076,13,200328,25SQCMICSBB59840099CE,,DOC,2,-
2023-03-17 09:02:41.154,13,200328,25SQCMICSBB06100099C8,,DOC,2,-
2023-03-17 09:02:42.045,13,200328,25SQCMICSBB06100099C8,,DOC,1,-
2023-03-17 09:02:42.045,13,200328,25SQCMICSBB06100099C8,,DOC,2,-
2023-03-17 09:02:42.482,13,200328,25SQCMICSBB06100099C8,,DOC,1,-
2023-03-17 09:07:51.232,10,200330,25SQCMICSBB887900AC2A,,DOC,2,-
2023-03-17 09:08:07.935,10,200330,25SQCMICSBB887900AC2A,,DOC,1,-
2023-03-17 09:08:10.123,10,200330,25SQCMICSBB887900AC2A,,DOC,2,-
2023-03-17 09:10:30.014,10,200330,25SQCMICSBBEC3F00BB55,,DOC,1,-
2023-03-17 09:10:31.779,10,200330,25SQCMICSBBEC3F00BB55,,DOC,2,-
2023-03-17 09:14:58.717,10,200330,25SQCMICSBB0AE900BAC1,,DOC,2,-
2023-03-17 09:15:02.982,10,200330,25SQCMICSBB0AE900BAC1,,DOC,1,-
2023-03-17 09:15:02.982,10,200330,25SQCMICSBB0AE900BAC1,,DOC,2,-
2023-03-17 09:15:03.404,10,200330,25SQCMICSBB0AE900BAC1,,DOC,1,-
2023-03-17 09:17:20.748,10,200330,25SQCMICSBBEC3F00BB55,,DOC,2,-
2023-03-17 09:17:21.201,10,200330,25SQCMICSBBEC3F00BB55,,DOC,1,-
2023-03-17 09:17:21.201,10,200330,25SQCMICSBBEC3F00BB55,,DOC,2,-
2023-03-17 09:18:37.873,13,200328,25SQCMICSBB06100099C8,,DOC,1,-
2023-03-17 09:18:38.779,13,200328,25SQCMICSBB06100099C8,,DOC,2,-
2023-03-17 09:22:14.185,13,200328,25SQCMICSBB00790090D7,,DOC,1,-
2023-03-17 09:25:30.748,13,200328,25SQCMICSBBE4CC00B9E5,,DOC,1,-
2023-03-17 09:25:34.639,13,200328,25SQCMICSBBE4CC00B9E5,,DOC,2,-
2023-03-17 09:25:35.279,10,200330,25SQCMICSBB743800AC3F,,DOC,2,-
2023-03-17 09:26:57.701,13,200328,25SQCMICSBB59840099CE,,DOC,2,-
2023-03-17 09:26:58.592,13,200328,25SQCMICSBB59840099CE,,DOC,1,-
2023-03-17 09:26:58.592,13,200328,25SQCMICSBB59840099CE,,DOC,2,-
2023-03-17 09:26:59.014,13,200328,25SQCMICSBB59840099CE,,DOC,1,-
2023-03-17 09:27:52.514,13,200328,25SQCMICSBBA42E0099DD,,DOC,1,-
2023-03-17 09:31:10.373,13,200328,25SQCMICSBBFD8300B9EF,,DOC,1,-
2023-03-17 09:32:07.514,13,200328,25SQCMICSBBE4CC00B9E5,,DOC,2,-
2023-03-17 09:32:08.389,13,200328,25SQCMICSBBE4CC00B9E5,,DOC,1,-
2023-03-17 09:32:15.123,13,200328,25SQCMICSBBE4CC00B9E5,,DOC,1,-
2023-03-17 09:32:17.685,13,200328,25SQCMICSBBE4CC00B9E5,,DOC,2,-
2023-03-17 09:32:47.717,13,200328,25SQCMICSBB00790090D7,,DOC,1,-
2023-03-17 09:32:47.717,13,200328,25SQCMICSBB00790090D7,,DOC,2,-
2023-03-17 09:33:05.982,13,200328,25SQCMICSBBA42E0099DD,,DOC,1,-
2023-03-17 09:33:05.982,13,200328,25SQCMICSBBA42E0099DD,,DOC,2,-
2023-03-17 09:33:26.451,13,200328,25SQCMICSBB59840099CE,,DOC,1,-
2023-03-17 09:33:26.451,13,200328,25SQCMICSBB59840099CE,,DOC,2,-
2023-03-17 09:33:29.857,13,200328,25SQCMICSBBE4CC00B9E5,,DOC,1,-
2023-03-17 09:33:29.857,13,200328,25SQCMICSBBE4CC00B9E5,,DOC,2,-
2023-03-17 09:33:30.295,13,200328,25SQCMICSBBE4CC00B9E5,,DOC,1,-
2023-03-17 09:33:30.295,13,200328,25SQCMICSBBE4CC00B9E5,,DOC,2,-
2023-03-17 09:33:30.732,13,200328,25SQCMICSBBE4CC00B9E5,,DOC,1,-
2023-03-17 09:34:10.482,10,200330,25SQCMICSBBED8700AC62,,DOC,1,-
2023-03-17 09:34:10.904,10,200330,25SQCMICSBBED8700AC62,,DOC,2,-
2023-03-17 09:37:05.154,10,200330,25SQCMICSBB13F100AC17,,DOC,2,-
2023-03-17 09:37:05.592,10,200330,25SQCMICSBB13F100AC17,,DOC,1,-
2023-03-17 09:37:05.592,10,200330,25SQCMICSBB13F100AC17,,DOC,2,-
2023-03-17 09:40:17.748,10,200330,25SQCMICSBBED8700AC62,,DOC,1,-
2023-03-17 09:40:17.748,10,200330,25SQCMICSBBED8700AC62,,DOC,2,-
2023-03-17 09:42:07.842,13,200328,25SQCMICSBB59840099CE,,DOC,2,-
2023-03-17 09:42:08.295,13,200328,25SQCMICSBB59840099CE,,DOC,1,-
2023-03-17 09:42:42.967,13,200328,25SQCMICSBBE4CC00B9E5,,DOC,1,-
2023-03-17 09:42:43.826,13,200328,25SQCMICSBBE4CC00B9E5,,DOC,2,-
2023-03-17 09:46:44.685,13,200328,25SQCMICSBBE4CC00B9E5,,DOC,2,-
2023-03-17 09:46:45.529,13,200328,25SQCMICSBBE4CC00B9E5,,DOC,1,-
2023-03-17 09:47:39.560,13,200328,25SQCMICSBB00790090D7,,DOC,2,-
2023-03-17 09:47:40.014,13,200328,25SQCMICSBB00790090D7,,DOC,1,-
2023-03-17 09:47:40.014,13,200328,25SQCMICSBB00790090D7,,DOC,2,-
2023-03-17 09:47:40.435,13,200328,25SQCMICSBB00790090D7,,DOC,1,-
2023-03-17 09:48:10.935,10,200330,25SQCMICSBB743800AC3F,,DOC,2,-
2023-03-17 09:49:14.560,10,200330,25SQCMICSBB887900AC2A,,DOC,2,-
2023-03-17 09:50:18.326,13,200328,25SQCMICSBB59840099CE,,DOC,2,-
2023-03-17 09:50:22.373,10,200330,25SQCMICSBB887900AC2A,,DOC,1,-
2023-03-17 09:50:22.373,10,200330,25SQCMICSBB887900AC2A,,DOC,2,-
2023-03-17 09:50:23.201,10,200330,25SQCMICSBB887900AC2A,,DOC,1,-
2023-03-17 09:50:23.201,10,200330,25SQCMICSBB887900AC2A,,DOC,2,-
2023-03-17 09:50:23.654,10,200330,25SQCMICSBB887900AC2A,,DOC,1,-
2023-03-17 09:50:23.654,10,200330,25SQCMICSBB887900AC2A,,DOC,2,-
2023-03-17 09:50:30.920,10,200330,25SQCMICSBB887900AC2A,,DOC,1,-
2023-03-17 09:50:30.920,10,200330,25SQCMICSBB887900AC2A,,DOC,2,-
2023-03-17 09:52:50.639,10,200330,25SQCMICSBBED8700AC62,,DOC,1,-
2023-03-17 09:52:50.639,10,200330,25SQCMICSBBED8700AC62,,DOC,2,-
2023-03-17 09:56:15.295,13,200328,25SQCMICSBBE4CC00B9E5,,DOC,1,-
2023-03-17 09:56:15.717,13,200328,25SQCMICSBBE4CC00B9E5,,DOC,2,-
2023-03-17 09:56:33.701,13,200328,25SQCMICSBBFD8300B9EF,,DOC,1,-
2023-03-17 09:56:35.435,13,200328,25SQCMICSBBFD8300B9EF,,DOC,2,-
2023-03-17 09:57:08.732,10,200330,25SQCMICSBB13F100AC17,,DOC,1,-
2023-03-17 09:57:09.560,10,200330,25SQCMICSBB13F100AC17,,DOC,2,-
2023-03-17 09:59:22.107,13,200328,25SQCMICSBBE4CC00B9E5,,DOC,1,-
2023-03-17 09:59:22.107,13,200328,25SQCMICSBBE4CC00B9E5,,DOC,2,-
2023-03-17 09:59:22.560,13,200328,25SQCMICSBBE4CC00B9E5,,DOC,1,-
2023-03-17 09:59:22.560,13,200328,25SQCMICSBBE4CC00B9E5,,DOC,2,-
2023-03-17 09:59:23.014,13,200328,25SQCMICSBBE4CC00B9E5,,DOC,1,-
2023-03-17 09:59:23.014,13,200328,25SQCMICSBBE4CC00B9E5,,DOC,2,-
2023-03-17 09:59:23.435,13,200328,25SQCMICSBBE4CC00B9E5,,DOC,1,-
2023-03-17 09:59:57.732,10,200330,25SQCMICSBB5D620090C5,,DOC,2,-
2023-03-17 10:01:32.342,13,200328,25SQCMICSBBC382009021,,DOC,2,-
2023-03-17 10:01:32.795,13,200328,25SQCMICSBBC382009021,,DOC,1,-
2023-03-17 10:01:32.795,13,200328,25SQCMICSBBC382009021,,DOC,2,-
2023-03-17 10:02:36.451,10,200330,25SQCMICSBBED8700AC62,,DOC,2,-
2023-03-17 10:02:40.060,13,200328,25SQCMICSBB0184008FCC,,DOC,2,-
2023-03-17 10:02:41.357,13,200328,25SQCMICSBBE71000B9E1,,DOC,1,-
2023-03-17 10:02:41.357,13,200328,25SQCMICSBB0184008FCC,,DOC,1,-
2023-03-17 10:02:49.248,10,200330,25SQCMICSBB13F100AC17,,DOC,2,-
2023-03-17 10:02:50.951,10,200330,25SQCMICSBB13F100AC17,,DOC,1,-
2023-03-17 10:03:46.139,13,200328,25SQCMICSBBD85300B9D0,,DOC,2,-
2023-03-17 10:03:46.592,13,200328,25SQCMICSBBD85300B9D0,,DOC,1,-
2023-03-17 10:04:30.935,10,200330,25SQCMICSBBEC3F00BB55,,DOC,1,-
2023-03-17 10:04:31.357,10,200330,25SQCMICSBBEC3F00BB55,,DOC,2,-
2023-03-17 10:04:33.279,13,200328,25SQCMICSBB00790090D7,,DOC,1,-
2023-03-17 10:04:50.154,13,200328,25SQCMICSBB59840099CE,,DOC,2,-
2023-03-17 10:08:05.060,10,200330,25SQCMICSBBEC3F00BB55,,DOC,2,-
2023-03-17 10:08:05.920,10,200330,25SQCMICSBBEC3F00BB55,,DOC,1,-
2023-03-17 10:08:05.920,10,200330,25SQCMICSBBEC3F00BB55,,DOC,2,-
2023-03-17 10:08:06.342,10,200330,25SQCMICSBBEC3F00BB55,,DOC,1,-
2023-03-17 10:08:06.342,10,200330,25SQCMICSBBEC3F00BB55,,DOC,2,-
2023-03-17 10:08:07.217,10,200330,25SQCMICSBBEC3F00BB55,,DOC,1,-
2023-03-17 10:08:42.139,10,200330,25SQCMICSBB2CB200AC06,,DOC,2,-
2023-03-17 10:08:42.982,10,200330,25SQCMICSBB2CB200AC06,,DOC,1,-
2023-03-17 10:09:03.810,13,200328,25SQCMICSBBE4CC00B9E5,,DOC,1,-
2023-03-17 10:09:04.232,13,200328,25SQCMICSBBE4CC00B9E5,,DOC,2,-
2023-03-17 10:10:53.389,13,200328,25SQCMICSBB59840099CE,,DOC,2,-
2023-03-17 10:10:53.842,13,200328,25SQCMICSBB59840099CE,,DOC,1,-
2023-03-17 10:10:53.842,13,200328,25SQCMICSBB59840099CE,,DOC,2,-
2023-03-17 10:10:54.279,13,200328,25SQCMICSBB59840099CE,,DOC,1,-
2023-03-17 10:12:40.170,13,200328,25SQCMICSBBE4CC00B9E5,,DOC,1,-
2023-03-17 10:12:40.170,13,200328,25SQCMICSBBE4CC00B9E5,,DOC,2,-
2023-03-17 10:12:40.592,13,200328,25SQCMICSBBE4CC00B9E5,,DOC,1,-
2023-03-17 10:12:55.154,13,200328,25SQCMICSBBFD8300B9EF,,DOC,1,-
2023-03-17 10:14:53.420,10,200330,25SQCMICSBB5D620090C5,,DOC,2,-
2023-03-17 10:14:53.857,10,200330,25SQCMICSBB5D620090C5,,DOC,1,-
2023-03-17 10:15:40.701,10,200330,25SQCMICSBBED8700AC62,,DOC,1,-
2023-03-17 10:17:07.545,13,200328,25SQCMICSBB0184008FCC,,DOC,1,-
2023-03-17 10:17:07.545,13,200328,25SQCMICSBB0184008FCC,,DOC,2,-
2023-03-17 10:17:24.123,13,200328,25SQCMICSBBA42E0099DD,,DOC,1,-
2023-03-17 10:17:24.998,13,200328,25SQCMICSBBA42E0099DD,,DOC,2,-
2023-03-17 10:18:06.623,13,200328,25SQCMICSBBD85300B9D0,,DOC,1,-
2023-03-17 10:18:15.748,10,200330,25SQCMICSBBFA7600A8B7,,DOC,2,-
2023-03-17 10:18:17.029,10,200330,25SQCMICSBB0AE900BAC1,,DOC,2,-
2023-03-17 10:18:17.904,10,200330,25SQCMICSBB0AE900BAC1,,DOC,1,-
2023-03-17 10:18:17.904,10,200330,25SQCMICSBB0AE900BAC1,,DOC,2,-
2023-03-17 10:18:18.326,10,200330,25SQCMICSBB0AE900BAC1,,DOC,1,-
2023-03-17 10:19:32.029,13,200328,25SQCMICSBB59840099CE,,DOC,1,-
2023-03-17 10:19:32.029,13,200328,25SQCMICSBB59840099CE,,DOC,2,-
2023-03-17 10:21:15.326,13,200328,25SQCMICSBB436600909F,,DOC,2,-
2023-03-17 10:21:16.639,13,200328,25SQCMICSBB436600909F,,DOC,1,-
2023-03-17 10:21:16.639,13,200328,25SQCMICSBB436600909F,,DOC,2,-
2023-03-17 10:21:17.076,13,200328,25SQCMICSBB436600909F,,DOC,1,-
2023-03-17 10:22:29.342,13,200328,25SQCMICSBBA42E0099DD,,DOC,2,-
2023-03-17 10:22:29.795,13,200328,25SQCMICSBBA42E0099DD,,DOC,1,-
2023-03-17 10:22:29.795,13,200328,25SQCMICSBBA42E0099DD,,DOC,2,-
2023-03-17 10:22:30.217,13,200328,25SQCMICSBBA42E0099DD,,DOC,1,-
2023-03-17 10:22:56.342,10,200330,25SQCMICSBBED8700AC62,,DOC,2,-
2023-03-17 10:22:58.920,10,200330,25SQCMICSBB887900AC2A,,DOC,2,-
2023-03-17 10:23:10.248,10,200330,25SQCMICSBBFA7600A8B7,,DOC,1,-
2023-03-17 10:23:11.576,10,200330,25SQCMICSBBFA7600A8B7,,DOC,2,-
2023-03-17 10:23:12.435,10,200330,25SQCMICSBBFA7600A8B7,,DOC,1,-
2023-03-17 10:23:12.435,10,200330,25SQCMICSBBFA7600A8B7,,DOC,2,-
2023-03-17 10:23:12.873,10,200330,25SQCMICSBBED8700AC62,,DOC,1,-
2023-03-17 10:23:12.873,10,200330,25SQCMICSBBED8700AC62,,DOC,2,-
2023-03-17 10:23:12.873,10,200330,25SQCMICSBBFA7600A8B7,,DOC,2,-
2023-03-17 10:23:50.560,13,200328,25SQCMICSBB59840099CE,,DOC,2,-
2023-03-17 10:23:51.014,13,200328,25SQCMICSBB59840099CE,,DOC,1,-
2023-03-17 10:23:51.014,13,200328,25SQCMICSBB59840099CE,,DOC,2,-
2023-03-17 10:23:51.435,13,200328,25SQCMICSBB59840099CE,,DOC,1,-
2023-03-17 10:24:09.748,13,200328,25SQCMICSBBE4CC00B9E5,,DOC,1,-
2023-03-17 10:25:47.717,10,200330,25SQCMICSBBFA7600A8B7,,DOC,2,-
2023-03-17 10:25:48.623,10,200330,25SQCMICSBBFA7600A8B7,,DOC,1,-
2023-03-17 10:25:48.623,10,200330,25SQCMICSBBFA7600A8B7,,DOC,2,-
2023-03-17 10:28:01.935,13,200328,25SQCMICSBBE4CC00B9E5,,DOC,2,-
2023-03-17 10:28:02.389,13,200328,25SQCMICSBBE4CC00B9E5,,DOC,1,-
2023-03-17 10:28:02.389,13,200328,25SQCMICSBBE4CC00B9E5,,DOC,2,-
2023-03-17 10:28:29.826,10,200330,25SQCMICSBBFA7600A8B7,,DOC,1,-
2023-03-17 10:30:00.279,13,200328,25SQCMICSBB00790090D7,,DOC,1,-
2023-03-17 10:31:26.279,13,200328,25SQCMICSBB5C890090E3,,DOC,2,-
2023-03-17 10:31:45.701,10,200330,25SQCMICSBB13F100AC17,,DOC,1,-
2023-03-17 10:31:45.701,10,200330,25SQCMICSBB13F100AC17,,DOC,2,-
2023-03-17 10:32:15.545,13,200328,25SQCMICSBBE71000B9E1,,DOC,2,-
2023-03-17 10:32:57.310,10,200330,25SQCMICSBB6D7600ABF3,,DOC,2,-
2023-03-17 10:32:58.576,10,200330,25SQCMICSBB6D7600ABF3,,DOC,1,-
2023-03-17 10:33:44.842,13,200328,25SQCMICSBB59840099CE,,DOC,2,-
2023-03-17 10:35:02.107,10,200330,25SQCMICSBB2CB200AC06,,DOC,1,-
2023-03-17 10:35:02.967,10,200330,25SQCMICSBB2CB200AC06,,DOC,2,-
2023-03-17 10:36:30.654,13,200328,25SQCMICSBBE71000B9E1,,DOC,2,-
2023-03-17 10:36:31.529,13,200328,25SQCMICSBBE71000B9E1,,DOC,1,-
2023-03-17 10:36:31.529,13,200328,25SQCMICSBBE71000B9E1,,DOC,2,-
2023-03-17 10:36:56.264,10,200330,25SQCMICSBBFA7600A8B7,,DOC,2,-
2023-03-17 10:36:56.685,10,200330,25SQCMICSBBFA7600A8B7,,DOC,1,-
2023-03-17 10:37:05.982,13,200328,25SQCMICSBB59840099CE,,DOC,2,-
2023-03-17 10:37:06.420,13,200328,25SQCMICSBB59840099CE,,DOC,1,-
2023-03-17 10:37:09.748,13,200328,25SQCMICSBBFD8300B9EF,,DOC,2,-
2023-03-17 10:37:11.045,13,200328,25SQCMICSBBFD8300B9EF,,DOC,1,-
2023-03-17 10:37:11.045,13,200328,25SQCMICSBBFD8300B9EF,,DOC,2,-
2023-03-17 10:37:11.889,13,200328,25SQCMICSBB00790090D7,,DOC,2,-
2023-03-17 10:37:12.326,13,200328,25SQCMICSBB00790090D7,,DOC,1,-
2023-03-17 10:37:12.326,13,200328,25SQCMICSBB00790090D7,,DOC,2,-
2023-03-17 10:37:12.764,13,200328,25SQCMICSBB00790090D7,,DOC,1,-
2023-03-17 10:37:12.764,13,200328,25SQCMICSBB00790090D7,,DOC,2,-
2023-03-17 10:37:13.185,13,200328,25SQCMICSBB00790090D7,,DOC,1,-
2023-03-17 10:37:32.576,10,200330,25SQCMICSBB0AE900BAC1,,DOC,2,-
2023-03-17 10:37:33.029,10,200330,25SQCMICSBB0AE900BAC1,,DOC,1,-
2023-03-17 10:37:33.029,10,200330,25SQCMICSBB0AE900BAC1,,DOC,2,-
2023-03-17 10:38:16.279,10,200330,25SQCMICSBB5D620090C5,,DOC,1,-
2023-03-17 10:38:17.123,10,200330,25SQCMICSBB5D620090C5,,DOC,2,-
2023-03-17 10:39:41.060,13,200328,25SQCMICSBB3562009B10,,DOC,1,-
2023-03-17 10:40:40.935,13,200328,25SQCMICSBBE07A0099C5,,DOC,2,-
2023-03-17 10:40:41.373,13,200328,25SQCMICSBBE07A0099C5,,DOC,1,-
2023-03-17 10:40:41.373,13,200328,25SQCMICSBBE07A0099C5,,DOC,2,-
2023-03-17 10:40:45.529,13,200328,25SQCMICSBBE4CC00B9E5,,DOC,1,-
2023-03-17 10:40:45.529,13,200328,25SQCMICSBBE4CC00B9E5,,DOC,2,-
2023-03-17 10:40:45.967,13,200328,25SQCMICSBBE4CC00B9E5,,DOC,1,-
2023-03-17 10:40:46.842,13,200328,25SQCMICSBBE4CC00B9E5,,DOC,2,-
2023-03-17 10:41:00.107,10,200330,25SQCMICSBBED8700AC62,,DOC,1,-
2023-03-17 10:41:00.107,10,200330,25SQCMICSBBED8700AC62,,DOC,2,-
2023-03-17 10:41:00.545,10,200330,25SQCMICSBBED8700AC62,,DOC,1,-
2023-03-17 10:41:18.326,10,200330,25SQCMICSBB13F100AC17,,DOC,2,-
2023-03-17 10:41:26.717,10,200330,25SQCMICSBBFA7600A8B7,,DOC,1,-
2023-03-17 10:41:26.717,10,200330,25SQCMICSBBFA7600A8B7,,DOC,2,-
2023-03-17 10:42:27.248,10,200330,25SQCMICSBB0AE900BAC1,,DOC,2,-
2023-03-17 10:42:32.920,13,200328,25SQCMICSBB3562009B10,,DOC,2,-
2023-03-17 10:42:33.779,13,200328,25SQCMICSBB3562009B10,,DOC,1,-
2023-03-17 10:42:33.779,13,200328,25SQCMICSBB3562009B10,,DOC,2,-
2023-03-17 10:43:03.701,13,200328,25SQCMICSBBE4CC00B9E5,,DOC,2,-
2023-03-17 10:43:04.139,13,200328,25SQCMICSBBE4CC00B9E5,,DOC,1,-
2023-03-17 10:43:16.045,13,200328,25SQCMICSBB436600909F,,DOC,1,-
2023-03-17 10:43:53.310,10,200330,25SQCMICSBB887900AC2A,,DOC,1,-
2023-03-17 10:43:54.639,10,200330,25SQCMICSBB887900AC2A,,DOC,2,-
2023-03-17 10:43:56.123,13,200328,25SQCMICSBB59840099CE,,DOC,1,-
2023-03-17 10:43:56.123,13,200328,25SQCMICSBB59840099CE,,DOC,2,-
2023-03-17 10:45:22.592,10,200330,25SQCMICSBB5D620090C5,,DOC,1,-
2023-03-17 10:45:22.592,10,200330,25SQCMICSBB5D620090C5,,DOC,2,-
2023-03-17 10:45:41.529,10,200330,25SQCMICSBB6D7600ABF3,,DOC,1,-
2023-03-17 10:45:42.389,10,200330,25SQCMICSBB6D7600ABF3,,DOC,2,-
2023-03-17 10:45:58.139,10,200330,25SQCMICSBBFA7600A8B7,,DOC,2,-
2023-03-17 10:45:58.576,10,200330,25SQCMICSBBFA7600A8B7,,DOC,1,-
2023-03-17 10:47:24.279,13,200328,25SQCMICSBB59840099CE,,DOC,2,-
2023-03-17 10:47:25.107,13,200328,25SQCMICSBB59840099CE,,DOC,1,-
2023-03-17 10:49:21.732,13,200328,25SQCMICSBB9B0800901A,,DOC,2,-
2023-03-17 10:49:22.170,13,200328,25SQCMICSBB9B0800901A,,DOC,1,-
2023-03-17 10:49:22.170,13,200328,25SQCMICSBB9B0800901A,,DOC,2,-
2023-03-17 10:49:22.576,13,200328,25SQCMICSBB9B0800901A,,DOC,1,-
2023-03-17 10:49:30.982,10,200330,25SQCMICSBBFA7600A8B7,,DOC,1,-
2023-03-17 10:49:31.404,10,200330,25SQCMICSBBFA7600A8B7,,DOC,2,-
2023-03-17 10:51:10.998,13,200328,25SQCMICSBB9B0800901A,,DOC,1,-
2023-03-17 10:51:10.998,13,200328,25SQCMICSBB9B0800901A,,DOC,2,-
2023-03-17 10:51:21.295,13,200328,25SQCMICSBBC42400900A,,DOC,2,-
2023-03-17 10:51:21.764,13,200328,25SQCMICSBBC42400900A,,DOC,1,-
2023-03-17 10:51:21.764,13,200328,25SQCMICSBBC42400900A,,DOC,2,-
2023-03-17 10:51:22.186,13,200328,25SQCMICSBBC42400900A,,DOC,1,-
2023-03-17 10:53:14.857,13,200328,25SQCMICSBBC382009021,,DOC,1,-
2023-03-17 10:53:15.717,13,200328,25SQCMICSBBC382009021,,DOC,2,-
2023-03-17 10:53:44.482,10,200330,25SQCMICSBBFA7600A8B7,,DOC,2,-
2023-03-17 10:53:44.904,10,200330,25SQCMICSBBFA7600A8B7,,DOC,1,-
2023-03-17 10:53:53.795,13,200328,25SQCMICSBB59840099CE,,DOC,1,-
2023-03-17 10:53:54.217,13,200328,25SQCMICSBB59840099CE,,DOC,2,-
2023-03-17 10:54:02.498,13,200328,25SQCMICSBB0184008FCC,,DOC,2,-
2023-03-17 10:54:10.342,13,200328,25SQCMICSBB00790090D7,,DOC,1,-
2023-03-17 10:55:06.498,13,200328,25SQCMICSBBE4CC00B9E5,,DOC,1,-
2023-03-17 10:55:06.498,13,200328,25SQCMICSBBE4CC00B9E5,,DOC,2,-
2023-03-17 10:55:10.467,10,200330,25SQCMICSBBEC3F00BB55,,DOC,2,-
2023-03-17 10:55:15.842,10,200330,25SQCMICSBB2BAE00BA8C,,DOC,2,-
2023-03-17 10:55:17.139,10,200330,25SQCMICSBB2BAE00BA8C,,DOC,1,-
2023-03-17 10:55:30.201,13,200328,25SQCMICSBBFD8300B9EF,,DOC,2,-
2023-03-17 10:56:03.264,10,200330,25SQCMICSBB2BAE00BA8C,,DOC,1,-
2023-03-17 10:56:03.264,10,200330,25SQCMICSBB2BAE00BA8C,,DOC,2,-
2023-03-17 10:56:12.482,10,200330,25SQCMICSBB2BAE00BA8C,,DOC,2,-
2023-03-17 10:56:30.201,13,200328,25SQCMICSBBE07A0099C5,,DOC,1,-
2023-03-17 10:56:30.201,13,200328,25SQCMICSBBE07A0099C5,,DOC,2,-
2023-03-17 10:56:50.373,13,200328,25SQCMICSBB59840099CE,,DOC,1,-
2023-03-17 10:57:23.232,13,200328,25SQCMICSBB00790090D7,,DOC,2,-
2023-03-17 10:57:23.670,13,200328,25SQCMICSBB00790090D7,,DOC,1,-
2023-03-17 10:57:55.748,10,200330,25SQCMICSBBEC3F00BB55,,DOC,2,-
2023-03-17 10:57:56.185,10,200330,25SQCMICSBBEC3F00BB55,,DOC,1,-
2023-03-17 10:57:57.420,10,200330,25SQCMICSBB5D620090C5,,DOC,1,-
2023-03-17 10:57:57.826,10,200330,25SQCMICSBB5D620090C5,,DOC,2,-
2023-03-17 10:58:16.529,10,200330,25SQCMICSBBED8700AC62,,DOC,1,-
2023-03-17 10:58:16.529,10,200330,25SQCMICSBBED8700AC62,,DOC,2,-
2023-03-17 10:58:22.342,10,200330,25SQCMICSBBED8700AC62,,DOC,2,-
2023-03-17 10:59:18.123,13,200328,25SQCMICSBBE4CC00B9E5,,DOC,2,-
2023-03-17 10:59:19.857,13,200328,25SQCMICSBBE4CC00B9E5,,DOC,1,-
2023-03-17 10:59:53.279,13,200328,25SQCMICSBBC382009021,,DOC,1,-
2023-03-17 10:59:56.810,10,200330,25SQCMICSBBFA7600A8B7,,DOC,1,-
2023-03-17 10:59:58.123,10,200330,25SQCMICSBBFA7600A8B7,,DOC,2,-
2023-03-17 11:01:15.904,13,200328,25SQCMICSBB436600909F,,DOC,2,-
2023-03-17 11:01:16.342,13,200328,25SQCMICSBB436600909F,,DOC,1,-
2023-03-17 11:01:16.342,13,200328,25SQCMICSBB436600909F,,DOC,2,-
2023-03-17 11:01:32.045,13,200328,25SQCMICSBBFD8300B9EF,,DOC,2,-
2023-03-17 11:02:37.404,10,200330,25SQCMICSBBED8700AC62,,DOC,1,-
2023-03-17 11:02:52.248,10,200330,25SQCMICSBB5D620090C5,,DOC,1,-
